Exploratory,EP,Ta_2_ann,P_ann,soil_type,slope,aspect,elevation,type,mixture,N,DBH_sd,h_sd,SCI,CEA,BA,SDI,h,con_BA,age_MTS,H,B2,B3,B4,B5,B6,B7,B8,B8A,B11,B12,VH_desc_year,VH_asc_year,VH_desc_winter,VH_asc_winter,VV_desc_year,VV_asc_year,VV_desc_winter,VV_asc_winter,S1_ndi_mean,S1_ndi_std,EVI_mean,EVI_std,EVI_contrast,EVI_diss,EVI_entr,EVI_idm,EVI_var,S1_contrast,S1_diss,S1_entr,S1_idm,S1_var,Q
ALB,AEW01,8.092813,1030,Cambisol,2.4,264.37,747.84,Spruce_AC_immature_timber,pure,14,7.7012,1.810463415,3.7511,1.3105,44.3545,841.0612,23.44,98.2937,54,0.399642873,83.58471182,238.1259623,128.272836,460.8502133,1607.268727,2038.497893,2048.102606,2232.971442,741.1726488,338.0928787,-19.02788471,-14.98070134,-18.78963854,-16.16646851,-13.26082626,-8.85964346,-12.44723327,-9.801796898,0.20446715,0.032707117,0.389415129,0.032810571,5.314342571,1.854166667,1.87783824,0.415855958,2.571114535,9.871744792,2.565565775,2.108887301,0.307313511,4.573278356,0.491659746
ALB,AEW02,6.68714,910.75,Leptosol,2.77,272.43,737.34,Spruce_AC_immature_timber,pure,4,11.382,1.763834207,4.2777,1.2642,42.5242,728.1669,26.89,96.6986,74,0.159304445,82.42053532,217.7518551,122.4852631,402.2064207,1354.564194,1726.862121,1788.603249,1877.808993,649.0431562,280.6987658,-20.34967124,-15.51467462,-19.38026362,-17.05569081,-13.51945677,-9.354222326,-12.66529811,-10.50024769,0.208439555,0.033657628,0.343159245,0.030942567,5.895833333,1.958333333,1.884917367,0.400042597,3.039930556,8.533294087,2.416666667,2.094446734,0.319348681,4.397352431,0.865405258
ALB,AEW03,7.163209,959.33,Cambisol,7.25,355.4,693.43,Spruce_AC_immature_timber,pure,3,9.4923,1.922093766,3.8772,1.3308,43.2572,772.4578,28.78,97.3211,64,0.270279702,83.52424471,216.580352,118.833966,400.0188108,1432.066468,1832.394987,1871.552363,2021.386888,674.5358016,311.5890749,-19.95691434,-15.74289885,-18.98761526,-17.00359682,-13.2938989,-9.66668037,-12.36737956,-10.74978713,0.210671244,0.031541823,0.36487199,0.025837105,3.674678198,1.5625,1.909692551,0.435252041,1.890190972,8.4375,2.458333333,2.123327867,0.301815611,4.409722222,0.435453927
ALB,AEW04,7.488208,944.62,Cambisol,18.36,15.13,764.66,Beech_AC_pole_wood,pure,5,4.5764,1.787300882,4.0188,1.1844,32.4834,799.5732,22.22,3.0654,54,0.31978558,159.9937724,437.0606217,228.4350112,1010.826145,4013.634939,5126.549136,5142.594382,5572.015078,2231.053593,1024.690095,-14.40794495,-15.41983277,-14.75983123,-15.5478079,-9.033991942,-10.13068753,-9.971233953,-10.28717751,0.192012588,0.031802898,0.810876387,0.028881222,5.368055556,1.756526413,1.950041072,0.428502877,2.628761574,11.6875,2.875,2.137768433,0.258684941,5.572229107,0.693819863
ALB,AEW05,7.146965,997.81,Cambisol,5.55,172.35,788.19,Beech_AC_mature_timber,pure,3,13.0179,1.452966315,2.6462,1.2132,21.7624,334.4732,33.89,0.4246,154,0.098351757,124.6108842,328.8573528,154.6952082,657.7011264,2496.127455,3218.815575,3278.875003,3538.995591,1743.25331,761.5274577,-13.93582721,-14.07874491,-14.34293963,-14.15769961,-8.568683113,-8.846401812,-9.103270824,-8.924169389,0.222254832,0.02832544,0.591033101,0.042372127,19.70833333,3.5625,2.051125036,0.264309683,9.68153105,8.9375,2.479166667,2.123327867,0.295542273,4.287760417,0.602778108
ALB,AEW06,7.5492,957.41,Cambisol,8.58,317.76,740.2,Beech_AC_immature_timber,pure,7,13.049,0.951189731,5.3019,1.2332,27.4388,486.6435,29.29,14.5429,94,0.538294701,175.023112,415.4685014,216.3012912,825.585105,2952.689422,3777.485875,3861.636259,4153.767445,1845.529881,794.5511413,-15.56446759,-13.74074372,-15.58437931,-13.90738657,-10.04458444,-8.288912682,-10.38758769,-8.585208454,0.199653136,0.023522171,0.662074381,0.043789674,15.62184343,3.111111111,2.036684469,0.287309984,7.199652778,5.298611111,1.833333333,2.051125036,0.377611237,2.353298611,0.380320509
ALB,AEW07,7.267545,944.36,Leptosol,13.07,6.59,771.94,Beech_unmanaged_mature_timber,mixed,5,21.8611,2.973093627,6.8184,0.7411,37.743,583.803,26.63,28.7991,144,0.675112074,135.3363964,349.7328747,204.4853417,749.1733932,2475.369772,3095.368206,3104.19138,3438.279591,1616.981596,820.0709941,-14.92479175,-14.75258436,-15.48322158,-15.32439672,-9.264831142,-9.184688668,-9.726653212,-9.703966018,0.230817432,0.037063213,0.551761383,0.080400913,55.4375,5.890858209,2.080006168,0.206357834,26.22743056,16.45075758,3.261226394,2.195530698,0.233623948,7.948449275,0.790682009
ALB,AEW08,7.743314,948.17,Cambisol,12.44,211.28,766.02,Beech_unmanaged_mature_timber,mixed,4,18.9164,2.598076211,6.0592,0.9139,42.054,661.0414,26.33,32.7151,164,0.846324716,142.5536447,353.7092601,184.3211364,715.489454,2557.677243,3213.368835,3300.605604,3527.779514,1567.541674,731.7812655,-15.68879042,-13.25552962,-16.0639807,-13.30774686,-10.2950117,-7.790643704,-10.74499813,-7.992150184,0.200224358,0.020598197,0.613814699,0.100375936,37.50002336,4.84375,2.080006168,0.224084229,21.31553819,4.822916667,1.8125,1.993362771,0.392078426,2.356119792,0.349085333
ALB,AEW09,7.812462,941.84,Leptosol,10.52,189.67,742.1,Beech_unmanaged_mature_timber,pure,4,14.4344,1.802775638,5.627,0.8821,37.79,657.33,23.33,11.7726,164,0.539121311,128.8673679,322.2536777,151.2667743,699.4148723,2659.489676,3465.058791,3535.508319,3804.211211,1777.718723,783.7172651,-14.92289755,-13.32648242,-14.68934698,-13.11937987,-9.543670239,-8.043214235,-9.77372148,-7.987551021,0.201689388,0.023756956,0.639748507,0.062805358,28.19345238,4.416666667,2.051125036,0.266924623,15.66666667,6.056769148,1.958333333,2.080006168,0.364253394,2.912072147,0.557881122
ALB,AEW10,6.713876,936.17,Leptosol,4.27,191,702.46,Spruce_AC_immature_timber,pure,6,7.9421,0.881917104,4.2763,1.3404,45.1939,894.5842,28.56,97.6702,47,0.293445773,82.28372533,239.1498342,124.7406362,447.745221,1582.652295,2031.415298,2072.225975,2212.572553,715.4664301,293.8476791,-16.36551616,-15.08000865,-17.46308781,-16.5050365,-10.1212992,-9.179303127,-11.15164394,-10.23031992,0.219612662,0.024143492,0.381696622,0.057700893,1.431483477,1.088541667,1.72082861,0.554166667,1.200493707,5.979166667,2,2.065565602,0.362382164,2.846043765,1.067464659
ALB,AEW11,7.420591,1008.98,Cambisol,3.09,111.71,756.22,Spruce_AC_mature_timber,pure,4,8.5511,2.242270675,3.7806,1.3169,51.9323,883.7526,30.44,99.5155,73,0.096315842,77.204317,219.6198862,121.611886,413.7449025,1314.59173,1672.077742,1701.094574,1838.094418,620.6301203,297.6389517,-15.88919213,-16.09194981,-17.53255098,-17.33198316,-9.445084275,-9.91039754,-10.40813883,-10.9258639,0.255603924,0.030239915,0.331673851,0.017149767,2.72392918,1.280060442,1.747873144,0.495833333,1.354290956,10.80486334,2.6875,2.108887301,0.297731931,5.348524306,0.676181927
ALB,AEW12,7.189522,947.37,Cambisol,2.15,21.76,729.69,Spruce_AC_mature_timber,pure,3,10.6186,1.069044968,3.6601,1.2304,42.366,696.4022,32.5,99.7205,75,0.105858397,65.22125075,217.6775608,119.8385513,427.8439439,1350.862386,1684.303369,1713.136672,1873.886875,672.3459464,322.7429648,-16.59417987,-15.91258934,-18.02728395,-17.37442733,-9.986812634,-9.778530356,-11.00293155,-10.87793847,0.245607863,0.037555828,0.333314463,0.025326364,6.27877429,2.020833333,1.957120198,0.368872549,3.057691098,13.59375,2.9375,2.152208999,0.27227007,6.842447917,0.25031946
ALB,AEW13,6.882888,965.64,Cambisol,4.27,235.88,714.72,Spruce_AC_mature_timber,pure,5,12.7064,1.224744871,5.0127,1.2445,52.8248,857.944,35.67,98.4882,94,0.548622489,82.14619126,220.1226955,119.7354279,426.093486,1356.884993,1706.879632,1746.343257,1866.419014,712.1942418,319.8005282,-16.87101177,-14.87824675,-18.0478045,-16.22640617,-10.76071165,-8.931181493,-11.81656993,-9.951535377,0.208802558,0.019194061,0.33927837,0.027861798,8.11603139,2.302083333,1.978922204,0.357283878,3.849491567,5.15555924,1.770833333,1.993362771,0.403820958,2.389583333,0.436238118
ALB,AEW14,6.347387,933.35,Cambisol,3.49,23.8,738.49,Spruce_AC_mature_timber,pure,6,17.659,4.216370214,4.3309,1.137,41.3692,648.7974,16.56,99.0283,93,0.779069571,95.4103889,235.1719206,133.9249922,438.0570335,1428.174328,1794.593334,1847.53099,2006.82273,775.7076348,374.858145,-19.17972387,-16.24657502,-18.73905292,-17.61471777,-12.67502357,-10.07165424,-11.97731015,-11.21507542,0.220854046,0.034363341,0.355769854,0.033142519,9.091758098,2.416666667,1.993362771,0.337820309,4.317905088,9.657194912,2.5625,2.108887301,0.292081907,4.678602431,0.453941491
ALB,AEW15,7.932744,974.2,Leptosol,12.68,216.97,694.15,Beech_AC_thicket,mixed,10,3.016,3.822448314,2.556,0.9713,16.2267,450.0368,22.11,1.0798,32,0.815104781,153.0995644,366.7972324,169.3677127,785.3741686,2935.62741,3899.275035,3992.058247,4304.492749,1949.154629,833.1319613,-15.63486569,-12.99184735,-15.37397813,-12.92559808,-10.05739517,-7.538415605,-10.54851553,-8.161185079,0.186593965,0.023979978,0.690878557,0.026100898,6.259597873,1.891666667,1.913912774,0.395917485,2.631092945,5.678707108,1.916666667,2.051125036,0.369527337,2.781134125,0.377395062
ALB,AEW16,7.90482,946.71,Cambisol,12.43,251.54,783.64,Beech_AC_thicket,pure,7,6.8556,2.697735676,3.6712,0.933,19.4955,456.8031,21.44,3.8317,45,0.104732481,178.290431,429.5407437,210.3743941,872.911229,3381.521538,4389.811096,4486.758782,4808.947373,2122.975074,910.3091155,-15.93838225,-12.56640864,-15.63639786,-12.36567241,-10.3963794,-6.769681781,-10.32781706,-7.195657494,0.204570208,0.026145493,0.748991141,0.049310926,21.34375,3.776234568,2.051125036,0.247843698,9.789388021,7.529695849,2.208333333,2.051125036,0.336942283,3.524088542,0.549011196
ALB,AEW17,7.126329,944.62,Cambisol,7.17,288.73,817.31,Beech_AC_pole_wood,pure,8,6.2788,2.00693243,4.2403,0.9777,34.7312,800.8802,33.44,1.5623,44,0.140619298,164.2516024,424.0005709,207.8840016,963.0751006,3890.680615,5066.026975,5153.253899,5462.602582,2148.559193,981.8234332,-15.50886262,-13.81203391,-15.80219327,-13.89414422,-9.852318351,-8.230210535,-10.2649648,-8.791030881,0.213390094,0.031232064,0.819121378,0.031743642,4.079218913,1.604166667,1.87783824,0.440311539,2.094748127,11.15277778,2.708300705,2.152208999,0.268369716,5.299924086,1.067878187
ALB,AEW18,7.389313,940.19,Cambisol,6.42,105.64,758.84,Beech_AC_mature_timber,pure,6,19.7959,1.201850425,3.1343,1.2223,23.3629,363.6455,30.78,2.146,147,0.918726539,143.3820988,402.5566342,194.7295039,819.8505283,2351.084977,2866.163422,2942.283952,3197.705325,1829.526782,874.8399355,-12.84832827,-14.85012051,-13.42691636,-15.14231615,-7.614476718,-9.817675196,-8.009212618,-10.38248084,0.249469734,0.042484667,0.528369463,0.053018528,30.2897349,4.3125,2.080006168,0.235691344,14.28385417,14.19791667,2.979166667,2.166649566,0.252831533,6.178762977,0.893042094
ALB,AEW19,8.826198,999.61,Cambisol,15.2,11.5,755.44,Beech_AC_mature_timber,mixed,5,20.0535,1.855921454,5.5056,1.0533,26.6245,430.9673,32.78,0,164,1.041578692,189.1735687,395.093158,219.9117478,773.4520119,2487.545653,3099.665245,3123.200903,3400.783519,1809.437986,856.195436,-13.82797663,-14.13802249,-13.58364092,-13.86740193,-8.257801914,-8.853060412,-8.416407017,-8.964763588,0.235698467,0.065214924,0.563287506,0.057923563,27.46515841,4.140004182,2.080006168,0.251360575,13.08615451,21.13888889,3.819279307,2.181090132,0.21193872,10.39756944,0.482692226
ALB,AEW20,7.251468,927.15,Cambisol,5.73,5.92,765.78,Beech_AC_mature_timber,pure,4,14.6099,1.166666667,4.3818,1.3253,28.5717,453.9681,29.89,0,139,0.667964639,166.512139,398.5581049,200.5658487,805.7802951,2693.27488,3335.101742,3376.344391,3672.154432,1894.647342,889.1631436,-17.31040424,-13.82359127,-15.48676968,-13.98082057,-12.08432122,-8.555450557,-10.59608916,-8.880161457,0.187709128,0.036932772,0.595355357,0.056399729,20.44561476,3.642044104,2.080006168,0.267119394,10.33699749,11.31551289,2.826388889,2.123327867,0.270502804,5.388715278,0.470904574
ALB,AEW21,7.733408,1009.78,Cambisol,9.21,289.91,757.5,Beech_AC_mixed_immature_timber,mixed,7,19.6839,1.691481928,6.797,1.0323,26.3642,428.972,33.11,0,149,1.258978992,169.689165,392.1415589,185.6346523,798.8649971,2899.494418,3666.256063,3719.278652,4001.222452,1971.850743,891.5542141,-14.89834395,-12.4269245,-14.925941,-12.14781016,-9.541633068,-6.787724563,-9.5621638,-6.721267486,0.216330315,0.03798545,0.644572352,0.067060473,37.51388889,4.96875,2.080006168,0.209000421,18.91080729,14.13860087,3.083333333,2.152208999,0.257049502,6.815645358,0.298542151
ALB,AEW22,7.618157,947.56,Cambisol,7.84,153.11,813,Beech_AC_immature_timber,pure,3,13.6793,2.692582404,4.2639,1.2067,26.8349,444.4829,33.33,8.6118,129,0.407629293,149.2541622,356.6399521,173.862927,724.5726531,2620.094552,3376.162945,3462.593445,3714.360804,1740.85287,768.3330294,-13.88590685,-14.26318912,-13.77819667,-14.23296497,-8.54861707,-8.97833638,-8.931499431,-9.355222109,0.214547358,0.029800403,0.627878829,0.055948048,15.38054078,3.208333333,2.080006168,0.274953319,7.871743863,10.04861111,2.645833333,2.137768433,0.28338513,4.778328454,0.342706092
ALB,AEW23,7.78867,943.31,Cambisol,9.36,309.23,777.64,Beech_AC_mature_timber,pure,3,21.6394,3,5.3558,1.0877,22.5975,357.9248,16.33,0,179,0.717869174,153.1215372,330.4819829,157.8119663,684.1948552,2543.483571,3337.870001,3364.360446,3634.763174,1786.565273,795.6369767,-15.24074844,-13.2950813,-14.99540062,-12.80272263,-9.793028279,-7.885438696,-10.02403567,-7.900421277,0.199414299,0.02857073,0.604220548,0.062674089,33.19022851,4.507958801,2.080006168,0.216018921,15.7289462,7.298611111,2.208333333,2.108887301,0.314745628,3.595196759,0.324646721
ALB,AEW24,,990.9,Cambisol,9.77,190.2,759.83,Beech_AC_thicket,mixed,14,5.2354,2.179449472,3.9437,1.0477,28.6103,707.5239,11,7.8977,34,1.451180475,147.0941366,362.6969602,178.2465161,779.4399469,3139.512334,4123.992446,4139.484332,4493.796072,1937.679743,854.9409237,-14.39662882,-13.53207401,-14.51658163,-13.0192652,-9.323319373,-8.231050429,-10.01474398,-8.370358609,0.181026945,0.032877973,0.702973781,0.02188289,5.254452926,1.791666667,1.87783824,0.433488494,2.341145833,10.28705318,2.666666667,2.152208999,0.290323127,4.920283565,0.586971908
ALB,AEW25,8.184757,1016.2,Cambisol,8.42,127.66,712.64,Beech_AC_thicket,mixed,10,3.0845,3.308238874,2.4522,0.9788,17.986,504.419,18.22,0,26,0.83339234,139.8919291,365.8909278,169.433779,754.3252529,3237.858676,4193.84121,4271.369457,4567.493211,1973.214243,844.8248498,-14.27054744,-14.33245729,-14.02783198,-14.09741973,-8.756504007,-8.98375938,-9.078327078,-9.20680287,0.212339753,0.036361015,0.720381384,0.028053081,3.397773693,1.447301661,1.863397674,0.478047843,1.599015258,8.208333333,2.354166667,2.108887301,0.321101687,4.076385304,0.593662298
ALB,AEW26,7.230721,1014.7,Cambisol,11.95,49.94,751.12,Beech_AC_pole_wood,mixed,12,6.3621,2.891558595,3.083,0.8551,13.6853,322.3505,15.11,0,44,0.905033317,168.4663945,452.5836822,201.3676971,914.4744806,3282.036089,4133.320194,4202.56543,4486.818101,2098.448194,971.8839344,-13.30436722,-15.97893114,-13.47122344,-15.94111764,-7.71528319,-10.76492712,-8.57096869,-10.76956611,0.221263512,0.033447851,0.709617065,0.047730984,20.4654897,3.833333333,2.080006168,0.240823473,9.182319792,9.5625,2.520833333,2.123327867,0.311958129,4.69947965,0.592116733
ALB,AEW27,7.611832,974.25,Leptosol,4.83,229.38,783.41,Beech_AC_pole_wood,mixed,12,4.6216,1.394433378,3.316,0.9721,23.3507,593.8818,25.22,1.8631,39,1.16341806,179.0163223,364.3319569,200.6465883,750.0772347,3125.861071,4179.173671,4245.790194,4591.971902,1952.98244,822.93191,-15.20363067,-13.39592236,-15.25726918,-13.33672428,-9.770239645,-7.994518027,-10.19035252,-8.451033892,0.203340696,0.023252473,0.719252437,0.028444601,5.344475494,1.822916667,1.87783824,0.417369946,2.694409292,6.074619948,2,2.036684469,0.364460784,2.7758297,0.619808272
ALB,AEW28,8.177136,986.51,Cambisol,4.5,218.28,754.87,Beech_AC_mixed_immature_timber,mixed,6,11.5534,1.322875656,5.8143,1.1912,29.589,556.1147,29,12.9838,74,0.731217113,151.6788125,375.486577,187.3452576,805.7500586,2876.41408,3658.893163,3704.984583,3997.590025,1803.384901,811.9230328,-14.5304778,-13.7425653,-14.46841478,-13.42831222,-9.000671527,-8.338658577,-9.318294071,-8.443628687,0.223276378,0.032898382,0.653811334,0.045833114,6.892564103,2.130208333,2.006048511,0.338042935,3.100563275,12.80094813,2.889373647,2.166649566,0.266567863,5.779025364,0.818601798
ALB,AEW29,7.625659,910.75,Leptosol,2.62,278.09,760.05,Beech_AC_mixed_immature_timber,mixed,5,10.9898,2.00693243,3.9988,1.2466,35.2839,615.2997,24.44,74.2938,94,0.792381692,111.9736849,297.4846712,145.1511038,582.9763892,2019.958837,2523.636737,2554.060587,2763.0162,1199.849312,568.3853915,-18.67188469,-14.61436763,-17.77619068,-15.32414663,-12.78958146,-9.030427876,-11.86256726,-9.609977752,0.200750763,0.031983713,0.451679423,0.090527048,37.13273196,4.895833333,2.080006168,0.212527301,20.70225694,11.69270833,2.791666667,2.152208999,0.270642707,5.557581019,0.782476544
ALB,AEW30,6.952427,896.82,Cambisol,6.65,121.2,735.22,Beech_AC_mixed_immature_timber,mixed,3,9.4363,0.866025404,4.8491,1.2304,27.5345,544.627,22,5.2494,84,0.437256809,148.6934428,394.7460975,181.7636361,805.3575164,2913.251003,3669.10008,3731.857814,4001.196031,1853.800746,812.7596107,-15.07036859,-14.8052773,-15.14519244,-15.02046855,-9.284301687,-9.549902988,-9.548416834,-9.830330061,0.225889428,0.023369907,0.658757802,0.046625497,9.728772395,2.572199026,1.978922204,0.323069762,5.441423551,5.8125,1.958333333,2.051125036,0.373186903,2.595427435,0.695670873
ALB,AEW31,7.398241,961.04,Leptosol,2.01,50.89,738.35,Spruce_AC_immature_timber,pure,1,6.6864,3,3.3963,1.2604,43.5817,843.5131,21.33,100,54,0,91.00853518,262.563283,136.9821596,508.6455158,1597.981116,2005.091603,2022.642057,2199.078148,745.2760884,333.4957194,-15.91453459,-15.77244624,-17.21895343,-17.4356321,-9.546373093,-9.796725795,-10.64593911,-10.87794082,0.234659559,0.027706922,0.390783583,0.019680917,4.416666667,1.666666667,1.863397674,0.416529213,2.26171875,8.080882353,2.333333333,2.094446734,0.318314666,3.728047332,0.713533985
ALB,AEW32,7.21344,946.42,Leptosol,10.26,31.33,708.15,Spruce_AC_immature_timber,pure,4,7.8697,3.231786572,3.3483,1.2689,30.7487,606.6113,22.78,97.9246,54,0.366137104,90.77409937,249.7235415,135.6793181,465.2860774,1551.114241,1952.746572,1997.291408,2132.612181,772.1212658,351.9964548,-16.14773737,-16.476045,-17.55101438,-17.77741498,-9.631814282,-10.30868351,-11.16310559,-11.54234268,0.2228981,0.028858803,0.387120496,0.032844657,6.453020924,1.958333333,1.978922204,0.384234709,3.258522164,6.548635308,2.0625,2.065565602,0.356102941,3.271701389,0.479841306
ALB,AEW33,5.995533,963.27,Cambisol,3.43,241.96,771.68,Spruce_AC_immature_timber,pure,5,7.8834,2.5,3.3696,1.3427,37.6345,734.2842,24.67,94.8812,54,0.404713192,98.12205464,231.5448817,122.827597,437.891462,1519.028038,1951.341779,1989.625251,2142.682919,680.3156068,296.8191556,-16.01129438,-15.12716343,-17.22021362,-16.64425712,-9.66829337,-8.8958173,-11.00859054,-9.957423992,0.221387349,0.024426548,0.384421604,0.036430333,5.131944444,1.696465774,1.87783824,0.423816931,2.386497651,4.770833333,1.770833333,2.022243903,0.393831818,2.362413194,0.279258574
ALB,AEW34,6.86331,963.27,Leptosol,5.54,239.4,773.19,Spruce_AC_immature_timber,pure,4,7.1411,5.754225501,2.9256,1.3773,38.9958,726.1949,11.89,96.4573,68,0.206510179,102.8489078,215.5141771,118.7864712,422.8759341,1389.513448,1755.50522,1805.478533,1955.971203,664.2275887,291.1007108,-16.20468561,-15.18829102,-17.4726384,-16.71986562,-9.972948263,-8.929439556,-10.94725435,-10.11233734,0.226416423,0.021841529,0.356073197,0.025180886,2.385939927,1.291666667,1.776683698,0.485688134,1.183126301,4.535846561,1.708333333,1.993362771,0.404595588,2.335270538,0.323447792
ALB,AEW35,8.039419,999.89,Leptosol,8.05,197.91,764.47,Beech_AC_thicket,mixed,13,4.4678,3.201562119,2.7447,0.9864,13.0575,342.0093,27,4.9145,109,1.360629492,146.8549051,347.4925589,178.4394157,732.658713,3109.992911,4232.914812,4279.676853,4607.417614,1960.646281,834.3299364,-14.64778785,-13.35121378,-14.66036478,-13.43129067,-9.26586482,-8.139429837,-9.772186952,-8.633316457,0.19886433,0.026683578,0.724596009,0.037069031,12.13754252,2.798611111,1.964481638,0.330807997,5.582291667,5.608452491,1.916666667,2.051125036,0.364271054,2.964265046,0.553486264
ALB,AEW36,6.88301,967.36,Leptosol,8.35,327.98,780.28,Beech_AC_thicket,mixed,10,14.7636,6.34428877,4.2925,0.9595,18.2647,325.7945,29,16.4531,34,1.371178541,150.7557633,384.2198261,208.6811738,792.9443125,2738.083962,3481.85492,3554.744902,3847.497768,1770.046654,868.1876876,-15.42212249,-13.78059254,-15.61352725,-13.79501548,-9.913934984,-8.14586054,-10.39272811,-8.628424114,0.203565659,0.034080823,0.618978102,0.071798748,39.6875,4.895833333,2.080006168,0.228651256,19.17057292,12.07291667,2.833333333,2.108887301,0.267002768,5.802135998,0.532344747
ALB,AEW37,7.776113,957.41,Leptosol,4.22,301.11,733.47,Beech_AC_thicket,mixed,8,11.709,1.322875656,4.6028,0.92,14.032,267.5963,17.33,2.1378,184,1.023335205,164.933322,380.3827283,196.0053614,781.5462261,2632.925241,3325.056648,3450.181988,3707.64281,1892.614696,877.7763103,-14.9647626,-13.81133907,-14.85439789,-14.01924291,-9.329556352,-8.32583235,-9.809000699,-8.831451673,0.20173247,0.028921508,0.613869451,0.06836355,51.26617521,5.850010456,2.080006168,0.205717542,24.68154557,7.555555556,2.270833333,2.108887301,0.316704374,3.823133681,0.512101566
ALB,AEW38,7.789794,946.71,Leptosol,11.05,244.05,765.87,Beech_AC_pole_wood,pure,7,4.653,1.414213562,3.4871,1.009,20.63,527.2696,25,0.0687,37,0.322286806,178.1709855,426.9166276,205.5706239,871.69725,3462.809905,4530.507857,4653.674004,4954.113071,2061.209933,873.0915678,-15.85465391,-12.38991077,-15.92374623,-12.26631439,-10.30581834,-6.911981245,-10.61103281,-7.191249452,0.198509123,0.023121037,0.766323017,0.044152384,8.360785199,2.322916667,1.964481638,0.361458333,4.16062164,5.181068602,1.916666667,2.051125036,0.371716315,2.540798611,0.980865147
ALB,AEW39,7.694681,967.29,Leptosol,12.38,181.37,791.39,Beech_AC_pole_wood,mixed,4,7.9529,0.866025404,4.9335,1.1258,29.8161,640.0687,28.33,0.8152,79,0.094254169,157.6148466,433.4549117,201.3707188,889.0002756,3027.89136,3857.783967,3898.601501,4222.797929,1942.19442,840.4501745,-14.41909982,-13.80258177,-14.46254151,-13.54151134,-9.012735038,-8.467700115,-9.492372954,-8.574299084,0.208552485,0.036075441,0.659649385,0.033653374,5.388903417,1.802083333,1.87783824,0.4234159,3.136922824,11.28125,2.819390402,2.152208999,0.258937824,5.538194444,1.040078955
ALB,AEW40,8.172485,1030.47,Leptosol,3.09,219.16,779.15,Beech_AC_mature_timber,pure,4,13.6315,1.054092553,4.8202,1.2931,29.7189,493.934,30.89,0,124,0.470302222,151.1989923,369.7216133,173.7707121,770.8825187,2836.89405,3559.682578,3597.171878,3904.614066,1817.141115,847.830615,-17.59080118,-13.66318758,-15.51855625,-13.27823833,-11.93066863,-8.323467901,-10.44116629,-8.380567223,0.196729809,0.035329082,0.636340415,0.026153315,6.589940745,2.070337252,1.950041072,0.35772813,3.048501924,14.67708333,3.135416667,2.181090132,0.251437852,6.663411458,0.711546462
ALB,AEW41,7.196343,914.97,Leptosol,8.59,32.02,737.17,Beech_AC_immature_timber,pure,4,11.6096,1.732050808,4.3145,1.2951,31.7425,549.6674,30.67,0,94,0.353762407,149.843936,381.282565,181.7837397,801.3199723,3099.796191,4062.645048,4098.118461,4393.463232,1964.443276,865.2296779,-14.40886716,-14.78742148,-14.2468778,-14.73908915,-9.023499593,-9.598318315,-9.589892544,-9.894648438,0.193968555,0.023464949,0.69583486,0.028988595,6.353446724,2.007220265,1.921159939,0.388254742,3.189282423,6.535035035,2.041666667,2.036684469,0.357637586,2.962022569,0.561668377
ALB,AEW42,7.674042,942.52,Leptosol,14.85,340.14,776.25,Beech_AC_immature_timber,pure,6,12.4976,1.5,5.7194,1.1537,25.8667,472.2598,33,1.0763,94,0.348356156,181.8364734,423.5799677,193.1636047,825.5935516,3172.343942,4131.902467,4157.128422,4491.303867,1951.384173,828.0282086,-15.58636333,-13.47869856,-15.16907113,-13.30703857,-10.02004439,-8.219165907,-10.20581939,-8.509165255,0.194603158,0.025437584,0.712323598,0.029521879,8.466627482,2.291666667,1.978922204,0.333745013,3.820529514,7.020833333,2.145833333,2.051125036,0.349019608,3.264105903,0.302406
ALB,AEW43,7.279166,948.17,Leptosol,5.43,152.83,738.48,Beech_AC_mature_timber,pure,6,17.2016,3.122498999,6.3071,1.0319,19.6569,337.1415,29.33,0,154,1.018607107,146.8681822,376.5624166,179.0414759,734.0102545,2430.571729,2986.746488,3063.001073,3264.814699,1836.569506,841.8261046,-13.95596562,-13.9678642,-14.22498181,-14.09337966,-8.562951356,-8.841971943,-8.819283197,-9.080255425,0.239415338,0.028599901,0.552012907,0.042686514,20.65665584,3.6875,2.080006168,0.251093239,9.848766121,8.062249373,2.270833333,2.108887301,0.335550426,3.836268068,0.364834149
ALB,AEW44,7.670823,952.77,Leptosol,11.03,271.1,799.51,Beech_AC_thicket,mixed,6,11.8367,2.619372274,5.4009,0.988,18.7491,357.2185,17.89,0,154,0.816725798,150.2232635,371.1619985,187.1217338,757.986374,2833.854708,3689.123196,3654.180976,4030.258568,1891.340599,872.3618993,-15.58054638,-12.68588739,-15.61136829,-12.21898638,-10.15587538,-7.143938818,-10.47625173,-7.285131765,0.194162676,0.037914403,0.638605105,0.078697277,39.3125,4.890625,2.080006168,0.205383965,19.77907986,13.12393272,2.983333333,2.166649566,0.251557826,5.860677083,0.417133186
ALB,AEW45,7.79593,947.67,Cambisol,8.97,168.87,787.09,Beech_AC_thicket,mixed,6,4.2669,1.414213562,3.1441,1.0263,19.1804,495.0752,27.33,1.9763,44,1.048149438,186.8450952,446.618174,223.9285696,932.5008594,3009.948569,3917.64902,3972.137444,4264.90275,1913.644345,845.8638317,-14.25178603,-14.33687228,-14.18138667,-14.29758242,-8.979973085,-9.025757042,-9.411837178,-9.558113767,0.202298284,0.025728193,0.674068293,0.054864806,12.83708375,2.902777778,2.036684469,0.28458496,6.15013045,5.79677824,1.979166667,2.065565602,0.354755499,2.902767549,0.522979409
ALB,AEW46,7.655882,910.75,Leptosol,7.89,17.04,757,Beech_AC_mixed_immature_timber,mixed,7,13.5455,1.988059595,6.5407,1.1191,26.7932,493.3376,27.43,10.8626,104,0.61655446,141.791529,388.6932596,167.3388289,782.98419,2711.050241,3392.388471,3468.027899,3701.833949,1796.982485,803.1267144,-15.2676389,-14.78183883,-15.53994557,-15.05264194,-9.709333356,-9.495910209,-10.26110323,-9.904691633,0.206715351,0.031979455,0.614281938,0.04960887,20.75694444,3.583333333,2.051125036,0.264555359,9.829861111,9.100366993,2.479666667,2.137768433,0.295363831,4.562282986,0.664690303
ALB,AEW47,8.26364,977.39,Cambisol,5.84,267.35,765.98,Beech_AC_mixed_immature_timber,mixed,6,11.2011,2.223610677,4.9892,1.2186,34.7836,640.2127,29.78,45.3178,94,0.652290906,120.1942096,300.7607858,151.2249968,639.8451338,2544.598423,3299.363655,3344.872974,3622.733514,1572.159959,716.6592478,-15.80809215,-13.92383979,-16.32447629,-14.51311154,-10.10431707,-8.256328539,-10.6630303,-8.721673134,0.20872494,0.024820189,0.61602646,0.07976801,14.18333333,3.076388889,2.036684469,0.287215264,7.017361111,5.724334839,2.020833333,2.051125036,0.34283757,2.756510417,0.630743481
ALB,AEW48,7.58941,952.91,Leptosol,4.86,121.64,792.11,Beech_AC_mixed_immature_timber,mixed,4,12.3009,3.166666667,3.7381,1.1735,28.6068,476.0869,24.56,25.5806,119,0.937897407,140.6871291,326.3964417,162.9325473,645.4081806,2192.931606,2794.331917,2846.684083,3084.136383,1527.802805,679.4155141,-14.42302074,-14.58670927,-14.44174644,-14.7396845,-9.011361266,-9.086889225,-9.083465222,-9.703059114,0.227941922,0.025632513,0.525683786,0.066420346,33.70020464,4.695669448,2.080006168,0.221379782,15.85706019,7.916666667,2.291666667,2.051125036,0.333827963,3.589988426,0.674647969
ALB,AEW49,8.105003,1024.31,Leptosol,12.17,235.17,763.56,Beech_unmanaged_mature_timber,mixed,12,18.8909,2.061552813,6.3827,0.9214,22.5699,364.1815,27.33,4.241,194,1.457199639,154.8030146,384.8038462,191.8206341,808.239501,2788.356731,3501.996518,3560.680821,3847.51172,1837.532199,850.1638514,-15.39807688,-12.65437477,-15.29863161,-12.24828947,-9.955197174,-7.174532108,-10.18986677,-7.074641004,0.201686274,0.020146039,0.622435204,0.045674104,21.64803225,3.72080721,2.065565602,0.267905047,10.05987642,4.354166667,1.708333333,2.007109631,0.387785786,1.933159722,0.658387788
ALB,AEW50,7.958876,950.79,Leptosol,10.62,283.76,782.57,Beech_unmanaged_mature_timber,pure,5,25.8977,2.108185107,7.2203,0.9297,31.7286,460.5694,29.22,6.057,169,0.500074416,164.2336395,377.3907653,216.1751971,814.848833,2787.671411,3509.400978,3599.344969,3845.650946,1884.335354,917.5325388,-15.70105232,-12.52959806,-15.9838005,-12.79426458,-10.27400832,-6.931994754,-10.40760274,-7.340443122,0.212436986,0.04019915,0.6262576,0.055242153,32.64772727,4.383379338,2.036684469,0.252799017,15.77980156,16.70833333,3.354166667,2.195530698,0.235980239,7.859809028,0.601435888
HAI,HEW01,7.801171,635.22,Stagnosol,4.14,206.84,427.18,Spruce_AC_mature_timber,mixed,9,14.7191,1.054092553,4.9581,1.2712,48.2068,750.6928,31.89,79.1498,91,1.009972934,85.85760637,220.2483101,156.7548608,466.490426,1493.659145,1939.678736,1976.521274,2092.618317,864.6996043,449.3002483,-15.95802587,-14.3575925,-16.71628139,-15.19703173,-9.686924282,-8.448873953,-10.39850133,-9.143508539,0.236982932,0.026265859,0.358790839,0.065855314,28.75,4.333333333,2.036684469,0.244326704,14.65740287,6.655575852,2.104166667,2.108887301,0.346691737,3.236866075,0.5741235
HAI,HEW02,7.286837,577.64,Stagnosol,2.25,82.32,365.9,Spruce_AC_immature_timber,mixed,9,13.5939,1.092906421,6.4397,1.0214,36.4422,654.632,26.78,74.0805,72,1.018740847,231.2238468,474.0495126,385.7192192,930.9922217,2124.021944,2434.880274,2514.014584,2679.853173,1685.436617,921.2226776,-15.75522316,-15.82826322,-15.80570854,-15.95296124,-9.753390856,-10.06913648,-9.911596193,-9.943838202,0.232880053,0.035585966,0.401850176,0.063060066,20.9375,3.666666667,2.051125036,0.259059079,10.32552043,9.173611111,2.4375,2.137768433,0.31370934,4.879340278,1.561030255
HAI,HEW03,9.213918,612.48,Luvisol,2.03,188.91,410.01,Spruce_AC_immature_timber,pure,7,8.8015,1.054092553,4.3674,1.2627,47.0976,851.7422,27.11,98.4219,77,0.543839911,86.37415934,222.2000393,134.9191989,425.1100093,1420.542953,1801.031663,1848.260444,1976.803765,675.1387757,296.0396888,-16.12574273,-15.03828627,-16.92251794,-16.20728944,-9.920708976,-9.107673026,-10.50631381,-10.07273738,0.236830423,0.03064436,0.358112423,0.022715218,5.657724994,1.82178561,1.906719373,0.422916667,2.564670139,8.34375,2.333333333,2.094446734,0.302743633,4.208912037,0.430073439
HAI,HEW04,7.769978,614.29,Luvisol,1.61,96.45,491.35,Beech_AC_thicket,mixed,6,2.3961,2.40370085,1.6783,0.966,7.0864,210.894,8.56,0,24,0.610664989,178.1645585,467.9678384,233.2980463,988.8520616,3762.077585,4658.32305,4781.800363,5032.568895,2023.450189,870.3879615,-14.4898626,-14.62906,-14.1200037,-14.34936525,-8.990681838,-9.389187858,-9.323042826,-9.672312658,0.202353135,0.028701255,0.773656295,0.027105167,4.8125,1.708333333,1.87783824,0.454645551,2.190649256,7.937516188,2.270833333,2.094446734,0.318199683,3.467773437,0.432026302
HAI,HEW05,7.76047,644.76,Luvisol,3.73,213.21,415.78,Beech_AC_immature_timber,pure,5,11.7056,0.51754917,5.7467,1.0947,30.2918,559.7536,28.63,0,97,0.153162802,170.3580679,404.6824806,237.9192593,958.5345522,2918.0224,3851.876708,4015.304384,4223.363966,1825.590755,853.6342524,-14.93431025,-17.16340891,-14.34412499,-30.26197932,-9.33113279,-11.41996244,-9.441573077,-30.41927241,0.205689671,0.025942389,0.675020646,0.032035612,7.385416667,2.166666667,1.993362771,0.376752842,3.586371528,7.297686586,2.1875,2.065565602,0.346462894,3.606130735,0.389082309
HAI,HEW06,7.522765,646.09,Luvisol,4.54,135.41,434.74,Beech_AC_mature_timber,pure,5,11.9101,1.166666667,3.9603,1.3261,38.5447,630.4547,36.11,0,129,0.225055889,165.011677,415.7424198,303.7733539,877.9804484,2964.187298,3871.828378,3931.453194,4181.44895,1788.597145,911.1176774,-13.67886721,-18.0810876,-13.2162682,-33.38336347,-8.035580953,-12.44327875,-8.455360726,-30.65390158,0.220350343,0.030486144,0.629369455,0.037635469,7.326388889,2.203125,1.964481638,0.361410944,3.606600501,7.041666667,2.145833333,2.094446734,0.348875219,3.270616319,0.432643835
HAI,HEW07,7.729145,623.6,Luvisol,5.25,36.1,379.35,Beech_selection_system,pure,5,18.1993,1.982062418,6.3916,1.0293,29.8949,494.6629,28.25,0,165,0.400273847,219.968292,463.3001746,309.4807219,924.6808547,2771.156376,3503.703206,3563.024343,3807.754623,1815.69508,868.710571,-14.23129554,-13.92452876,-14.02712284,-13.6176991,-8.838138324,-8.608913808,-8.860939831,-8.716232212,0.223166184,0.027425784,0.592438625,0.034588429,11.14583333,2.640625,2.036684469,0.314801934,5.808228616,6.833333333,2.145833333,2.094446734,0.343104626,3.267361111,0.349939912
HAI,HEW08,7.086254,599.42,Luvisol,3.86,125.9,502.81,Beech_selection_system,pure,5,17.5973,2.997022332,6.0964,0.9427,29.6246,493.3852,26.13,0,172,0.244701542,177.9189331,414.8043154,206.515016,922.087518,2954.652799,3823.369206,3912.673668,4207.669782,1896.26749,851.4204482,-13.71768251,-14.33004627,-13.32833033,-14.21823069,-8.240979567,-9.021838946,-8.179755407,-9.064917822,0.240662971,0.030836069,0.665651936,0.048614658,20.2375,3.447916667,2.036684469,0.280416415,8.88794492,7.875,2.333333333,2.123327867,0.310941523,3.793875812,0.508193446
HAI,HEW09,7.92178,623.6,Luvisol,4.9,39.75,401.81,Beech_selection_system,pure,4,21.5481,2.179449472,6.5974,1.0017,27.1547,427.1443,32,0,176,0.124333624,212.8127616,448.2682326,289.1655833,876.5219998,2667.387908,3353.961233,3397.729601,3644.770683,1734.254715,820.3874649,-13.73763505,-14.32617661,-13.46829232,-14.12764786,-8.373989622,-9.092291633,-8.322466597,-8.975732891,0.235685773,0.026020648,0.57951644,0.050906943,23.45414704,3.885375977,2.036684469,0.246746142,11.59331597,7.800070522,2.3125,2.108887301,0.30565616,3.83984375,0.530220151
HAI,HEW10,8.466135,621.69,Stagnosol,2.56,56.36,378.05,Beech_unmanaged_mature_timber,mixed,7,19.0455,1.6414763,7.2974,0.9917,38.4408,625.776,28.78,0,180,0.497934391,219.1917171,426.1153438,233.9496482,815.4279719,3212.431601,4055.962276,4140.770831,4376.342772,1916.382052,858.8374275,-14.01385668,-14.49363842,-13.66374002,-14.07275052,-8.53128169,-9.115763336,-8.654283435,-9.14792411,0.222910877,0.028960397,0.707213473,0.0340623,8.080581428,2.236111111,1.921159939,0.369181536,4.04771354,7.666666667,2.270833333,2.080006168,0.336810142,3.58203125,0.37528221
HAI,HEW11,7.81806,650.14,Luvisol,2.99,3.32,414.16,Beech_unmanaged_mature_timber,mixed,7,18.425,2,7.7861,0.9996,38.9319,642.0597,29.33,0,184,0.625351888,164.7090299,407.6562961,245.7376832,870.4758334,2952.675804,3782.4408,3869.217917,4103.710886,1825.396598,906.1285402,-14.50907712,-13.92085203,-13.82301352,-13.66699956,-8.915938655,-8.537143853,-8.98018249,-8.285850482,0.214573846,0.025166832,0.643421507,0.050485865,21.33333333,3.833333333,2.036684469,0.278894843,10.15133102,6.083333333,2,2.080006168,0.364093137,2.906626295,0.403008153
HAI,HEW12,7.450615,618.12,Luvisol,3.55,19.57,332.53,Beech_unmanaged_mature_timber,pure,7,20.6218,1.272418021,7.8409,1.0013,39.727,618.5875,32.57,0.4555,187,0.207720487,219.591211,448.564491,243.2113153,854.4867017,3331.926063,4204.962525,4291.820282,4557.327925,2029.290154,900.2274905,-14.53222643,-14.04029419,-14.1250863,-13.96502186,-9.18294957,-8.730849349,-9.087851558,-8.66948206,0.213915521,0.024485909,0.71830016,0.031104446,8.875,2.375,1.964481638,0.340844578,4.327864583,8.392890508,2.354166667,2.108887301,0.329012892,3.672367417,0.366999728
HAI,HEW13,7.693167,631.18,Luvisol,3.75,61.62,420.3,Spruce_AC_immature_timber,mixed,10,10.3029,1.356202682,4.3299,1.1905,42.8575,774.1014,26.88,71.9943,69,1.52498928,128.1742918,302.9212511,177.6537384,567.4155139,1890.746947,2415.92662,2449.389911,2603.582803,999.204919,479.8962382,-15.12325035,-15.56678411,-15.40960624,-16.4959331,-9.017723683,-9.826859782,-9.540204976,-10.56657064,0.232776071,0.027647953,0.41883464,0.102761758,13.61084606,2.979166667,2.051125036,0.286888005,7.587528935,6.0625,2.020833333,2.051125036,0.349728405,2.779513889,0.875172115
HAI,HEW14,7.371633,599.11,Luvisol,3.44,338.98,473.45,Beech_AC_thicket,mixed,7,8.9091,0.755928946,3.4009,0.9391,10.1223,219.1918,33,0,140,0.767185429,263.1292481,508.3260731,278.5695659,890.3265519,3499.074502,4699.6906,4812.103956,5067.035409,1955.644215,902.202706,-15.13868328,-13.41315779,-14.88058695,-13.20334353,-9.719104797,-8.268594718,-9.896106247,-8.437130501,0.202652801,0.025148687,0.790581866,0.063197165,25.15082863,3.946902655,2.051125036,0.25897473,13.41501736,5.916255482,2.020833333,2.080006168,0.357362368,2.859996808,0.961929392
HAI,HEW15,7.733143,561.05,Luvisol,2.94,115.57,315.31,Beech_AC_thicket,mixed,11,6.196,5.813776741,3.1853,0.9253,19.2379,465.6073,14.4,0,139,0.79776988,142.6115315,383.4656562,297.5516386,943.3277895,2935.395937,4000.438314,4197.124429,4386.286395,1924.015526,883.5652484,-13.70180763,-14.19926893,-13.27564656,-13.8281017,-8.344423728,-9.074736285,-8.64229665,-9.018350524,0.212212903,0.02766783,0.662997544,0.065111401,24.60416667,3.666666667,2.051125036,0.262675227,12.2639974,7.557553538,2.229166667,2.080006168,0.317540434,3.350260417,0.787151794
HAI,HEW16,8.07461,593.18,Luvisol,6.06,123.54,369.44,Beech_AC_pole_wood,mixed,8,7.1465,2.179449472,4.6452,1.02,30.5266,337.1224,17.67,0,149,1.370852045,174.1294202,425.6544779,227.3244234,882.2439015,3047.340284,3959.163724,4091.122891,4318.819714,1787.404269,778.3995967,-13.62331037,-14.50967133,-13.00264421,-13.8391605,-8.372658507,-9.056101627,-8.470241353,-9.167593523,0.208427067,0.033053591,0.683137862,0.048199301,12.17004049,2.818882245,2.007803337,0.319169575,6.264485677,6.134325195,1.946902655,2.051125036,0.364093137,3.087384259,0.482849211
HAI,HEW17,7.2445,638.62,Luvisol,3.71,207.38,492.77,Beech_AC_pole_wood,mixed,7,5.6663,3.153481321,3.7621,0.9414,23.0445,561.3117,14.78,0,139,0.289483625,221.1387507,441.2203073,267.1804831,869.7655357,3261.044145,4296.106608,4412.481165,4684.706852,1976.534703,909.3213266,-14.29230695,-15.84097972,-14.28331654,-19.53863575,-9.036271086,-11.33821887,-9.307647972,-30.40735383,0.213668006,0.028499827,0.722126191,0.027251431,4.796581828,1.760416667,1.935600505,0.408946078,2.586613202,6.729166667,2.104166667,2.080006168,0.348894657,3.347330729,0.496896226
HAI,HEW18,7.819413,627.86,Stagnosol,1.95,255.93,450.7,Beech_AC_pole_wood,mixed,6,6.0946,1.414213562,4.6667,0.9981,31.6296,478.6983,19,0.2101,57,0.69389289,168.372295,495.2775897,287.7716645,1115.58575,2596.32152,3433.693557,3407.267346,3856.571458,1932.080119,936.1257667,-15.16667988,-13.83149184,-14.55318962,-13.64691453,-9.699140359,-8.400487797,-9.820448985,-8.533351162,0.192835898,0.023664239,0.553809297,0.062019612,7.677083333,2.145833333,1.935600505,0.382183258,3.698915061,6.950432556,2.083333333,2.080006168,0.357771135,3.210490197,0.3712828
HAI,HEW19,6.530103,621.85,Luvisol,2.21,100.51,461.36,Beech_AC_immature_timber,mixed,3,13.0741,1.452966315,4.6668,1.1684,31.1215,525.657,31.89,0,111,0.402147288,176.3109214,413.2000444,231.45095,855.2314753,2765.619009,3488.506358,3528.749193,3767.41942,1697.148321,810.9782287,-14.13441484,-14.1839549,-13.73539921,-13.78825519,-8.548475299,-8.630045422,-8.51459723,-8.760011465,0.233890467,0.025904572,0.609855072,0.040936353,12.89913145,2.854166667,2.036684469,0.322616277,6.575038412,6.113275268,2.013052826,2.094446734,0.337009804,2.779720774,0.424220544
HAI,HEW20,7.941667,627.94,Luvisol,3.02,306.06,433.95,Beech_AC_immature_timber,pure,6,11.9447,1.452966315,4.5355,1.2111,34.9587,597.198,31.89,0.883,109,0.415751694,202.7253385,437.357246,249.8246456,968.6016208,2797.33193,3766.972627,3808.052102,4110.910462,1885.396518,891.1350293,-15.15906452,-14.3268152,-14.57760271,-13.85755728,-9.475615304,-8.722602903,-9.251847391,-8.908873353,0.222126441,0.030826814,0.653526288,0.048415286,12.25135112,2.791666667,2.022243903,0.297888825,6.175636574,6.1875,2.0625,2.051125036,0.357366173,2.967809606,0.533328436
HAI,HEW21,7.472305,633.81,Luvisol,3.48,227.87,465.96,Beech_AC_mature_timber,pure,6,14.9509,0.971825316,5.1601,1.2098,31.867,524.2098,32.78,0.7701,124,0.193199865,135.2056841,360.3880144,212.7720934,824.6203975,2647.2291,3407.286949,3476.822072,3707.145485,1712.439912,778.4317338,-14.6041198,-13.34950848,-14.25175584,-13.30112783,-9.115902022,-8.11961245,-9.130629824,-8.262411102,0.219315654,0.028814049,0.598154514,0.046040819,21.1125,3.666666667,2.051125036,0.26330755,10.61428422,6.63490099,2.141686183,2.072644728,0.330623115,3.239043228,0.406149036
HAI,HEW22,7.675162,627.94,Luvisol,4.51,213.61,431.52,Beech_AC_mature_timber,pure,1,8.3656,1.013793755,2.0981,1.3175,28.7396,422.027,36.44,0,152,0,178.7644485,454.1823039,220.7672549,916.8166176,2691.402463,3561.512475,3632.167426,3869.811213,1828.666336,891.945098,-15.12422522,-13.524985,-14.60053805,-13.13921484,-9.675921397,-7.978568652,-9.572587005,-8.040612568,0.208791642,0.029683165,0.637431799,0.063586782,28.54534314,4.270833333,2.051125036,0.23995126,14.37507855,7.354166667,2.208333333,2.108887301,0.32099801,3.46421535,0.638129541
HAI,HEW23,7.51633,648.35,Luvisol,3.76,342.9,465.03,Beech_AC_thicket_with_shelterwood,pure,5,9.2988,7.998883851,3.1408,0.9685,11.1763,231.6336,25.63,0,163,0.808113167,193.4406369,432.5889709,244.659941,940.3350424,2884.446084,3813.975175,3893.181729,4192.846871,1946.639334,931.4049059,-14.63566264,-15.38685982,-14.22315531,-15.56635042,-9.308136387,-12.06843067,-9.520715634,-30.54069665,0.198821901,0.030178991,0.656888526,0.070660972,45.44767442,5.479166667,2.080006168,0.209143354,22.35456046,10.17708333,2.645833333,2.152208999,0.299455833,4.723524306,0.820618885
HAI,HEW24,7.711118,595.37,Luvisol,5.21,61.43,399.3,Beech_AC_thicket_with_shelterwood,pure,3,26.1648,2.65099562,5.8358,1.0405,30.1089,441.7848,32.56,0,154,0.262147188,169.7174795,364.5787618,201.9349219,687.4645411,2579.312659,3346.338851,3365.494272,3629.01142,1728.714708,762.2762106,-13.76670889,-14.05178046,-13.46745558,-13.90376677,-8.221288761,-8.855013362,-8.235021405,-8.9603606,0.242536189,0.029939457,0.609297651,0.048793914,18.73611111,3.395833333,2.036684469,0.287756221,9.624565972,6.809691011,2.104166667,2.065565602,0.337221604,3.321614583,0.514868619
HAI,HEW25,7.605296,650.72,Luvisol,3.77,237.53,496.24,Beech_AC_thicket_with_shelterwood,pure,5,18.5915,4.123105626,5.9356,0.9385,21.8809,359.0383,29.67,1.0701,161,1.002793158,192.4110077,433.3937921,245.5393657,808.7281009,2702.787449,3418.648965,3527.618942,3749.036219,1960.004983,898.5810089,-14.86091198,-15.65670126,-14.60385588,-19.92083925,-9.474347483,-11.06515215,-9.434978663,-30.29680777,0.211312389,0.030660197,0.604722417,0.05417679,30.72970085,4.416666667,2.051125036,0.252132943,14.29435919,10.36979167,2.575,2.108887301,0.305490588,4.786869939,0.703464198
HAI,HEW26,7.627545,598.18,Luvisol,3.36,131.08,460.2,Beech_selection_system,pure,3,22.8153,2.108185107,6.5518,0.993,30.7765,462.888,32.78,0,191,0.07988767,194.3597317,430.5957687,254.2476595,928.233629,2491.243728,3218.398481,3336.908175,3574.934786,1820.840136,861.9774185,-13.66858921,-14.27969303,-13.37978078,-14.41595997,-8.231598186,-9.035874303,-8.226468024,-8.826715957,0.234901694,0.033485114,0.572797705,0.048126148,18.77604167,3.458333333,2.080006168,0.260410161,9.879174054,8.895833333,2.448112536,2.137768433,0.306736668,4.188151042,0.401828585
HAI,HEW27,6.965248,599.42,Luvisol,3.91,171.6,493.38,Beech_selection_system,pure,4,19.3782,2.748376144,6.2653,0.9763,25.8936,419.228,29.88,0,176,0.111751616,174.8089671,439.6055324,192.8294284,858.8255152,2770.202061,3603.935881,3686.493793,3967.95287,1859.800258,804.6294529,-13.99875023,-13.9495712,-13.59741678,-13.85739469,-8.447925977,-8.399117406,-8.56556032,-8.514618373,0.227146161,0.029505314,0.64624099,0.049683638,23.72101449,4.026169951,2.036684469,0.240838325,11.93207465,8.760416667,2.416666667,2.123327867,0.307724028,4.057949887,0.426172338
HAI,HEW28,7.803915,599.42,Stagnosol,2.69,135.19,493.87,Beech_selection_system,pure,3,19.0597,1.943650632,5.5811,0.9345,25.948,415.8526,30.44,0,164,0.175193043,148.1425957,358.8380984,170.3895562,720.6739371,2575.998575,3439.017451,3527.506251,3758.89577,1832.017144,827.3120502,-13.97838546,-13.97671075,-13.59506767,-13.74586401,-8.438265058,-8.690440605,-8.420569834,-8.692329437,0.238628136,0.033126223,0.630482695,0.051506759,18.7375,3.354166667,2.007803337,0.298974071,8.78587963,9.345630081,2.541666667,2.123327867,0.303046316,4.514326504,0.437280158
HAI,HEW29,7.302133,623.6,Luvisol,4.21,91.93,417.48,Beech_selection_system,pure,3,20.5332,1.666666667,7.0985,0.9762,28.5166,455.074,31.44,0,180,0.193914792,199.0715448,424.8857995,263.1613178,851.1630432,2764.513249,3492.487293,3506.989918,3771.184722,1727.409919,835.1270305,-13.80041817,-14.18063408,-13.24055105,-14.06367197,-8.371786638,-8.894903547,-8.316954227,-8.877105731,0.22616553,0.025948317,0.598245076,0.03623797,12.83084836,2.798611111,2.022243903,0.296078367,5.884197991,6.583333333,2.083333333,2.080006168,0.353710968,3.222222222,0.35128129
HAI,HEW30,7.40885,624,Luvisol,4.07,79.89,406.33,Beech_selection_system,pure,3,16.876,1.833333333,6.3472,0.9338,27.9818,473.7501,27.89,0,177,0.107540598,220.2821529,464.6765015,300.1192294,885.5405382,2851.829713,3653.844746,3721.584612,3950.746398,1809.038434,840.9512783,-13.83157725,-14.38805302,-13.61981025,-14.09712948,-8.247014598,-8.933418628,-8.250488314,-8.985506403,0.249514503,0.029279966,0.619513267,0.049680333,21.83333333,3.5,2.051125036,0.271511824,10.39453125,7.160511867,2.25,2.108887301,0.323250112,3.804524344,0.456685756
HAI,HEW31,7.843402,606.98,Luvisol,4.08,68,399.34,Beech_selection_system,pure,7,18.48,1.246423455,6.5741,1.0318,27.2154,449.4955,27.88,0,172,0.611722797,162.0828498,421.3902249,265.3019802,886.9608775,2618.804523,3338.283524,3424.182712,3679.530493,1737.960779,861.4742846,-13.7869287,-14.40572118,-13.49033622,-14.16650551,-8.229712009,-9.025095387,-8.253114703,-8.920992793,0.240660823,0.029613854,0.57652308,0.050911707,21.67455655,3.640338828,2.036684469,0.275067131,11.19094622,7.291666667,2.229166667,2.108887301,0.331457167,3.567131533,0.4842107
HAI,HEW32,6.536525,644.01,Luvisol,4.15,93.36,439.93,Beech_selection_system,pure,7,18.1146,2.263846285,5.626,0.9406,22.3262,373.5738,26.38,0,166,0.782074932,208.4896664,418.7184251,284.09399,824.7698215,2684.432455,3504.552112,3526.958604,3818.984024,1776.589052,828.8935282,-13.52910413,-14.46702437,-13.02977401,-14.26383157,-7.964790832,-8.989121855,-8.116104298,-9.080556479,0.235922203,0.034419688,0.586073594,0.041777895,18.5,3.409380131,2.036684469,0.280161704,8.835286458,9.411715247,2.56315,2.137768433,0.280191048,4.812216383,0.517740607
HAI,HEW33,7.574083,598.18,Luvisol,2.3,152.52,453.19,Beech_selection_system,pure,4,20.9472,3.586239132,5.1224,1.1725,27.2698,406.5948,33.11,0,186,0.118696313,182.2316546,446.7265498,241.1100722,949.006111,2481.920188,3224.735606,3327.566068,3565.487091,1785.370589,832.3509792,-14.08119493,-14.05758801,-13.95810575,-14.02049913,-8.706482511,-8.878031323,-8.675818454,-8.72552597,0.237719131,0.03507892,0.580657812,0.041102519,17.171875,3.291666667,2.036684469,0.287252563,8.341933229,9.141902516,2.454445774,2.108887301,0.322054193,4.308300848,0.413792453
HAI,HEW34,7.45826,618.91,Luvisol,2.91,358.38,413.47,Beech_unmanaged_mature_timber,mixed,6,17.2236,2.108185107,7.8701,1.0181,39.756,669.2427,26.22,0,177,0.385525699,222.7346838,445.9633915,242.7530312,840.0419932,3248.710779,4122.190004,4221.568177,4459.454828,1949.306743,861.1886983,-14.61723838,-14.10560876,-14.25557875,-13.84670223,-9.208227446,-8.644590929,-9.152918806,-8.912232646,0.220241083,0.027229062,0.713509805,0.030613903,8.654207768,2.3125,1.907955882,0.373689077,4.565813227,6.9375,2.166666667,2.080006168,0.336792232,3.444444444,0.306413395
HAI,HEW35,7.22979,626.96,Luvisol,3.81,15.21,398.28,Beech_unmanaged_mature_timber,mixed,5,14.2306,1.943650632,7.2056,1.0141,37.4604,672.7285,28.56,0,170,0.462562179,158.5627593,393.4330295,245.4283368,887.0788876,3067.036221,3989.120381,4063.346312,4297.188784,1848.282652,907.0726512,-14.33635965,-14.31125073,-13.90648227,-13.91540014,-8.727778846,-8.881885952,-8.814792367,-8.703334753,0.222012565,0.030564393,0.666486972,0.055628427,19.40416667,3.492251642,2.051125036,0.275819493,9.407556399,9.791666667,2.520833333,2.123327867,0.321314103,4.773907095,0.491534085
HAI,HEW36,7.688882,626.96,Luvisol,4.01,26.59,380.97,Beech_unmanaged_mature_timber,mixed,7,15.5922,2.697735676,7.1253,1.05,34.4187,604.4177,25.56,0,167,0.784027711,143.0518604,390.3256549,211.8212602,889.2447596,2970.616065,3804.839839,3871.833111,4166.414846,1933.125225,912.7104165,-14.61795669,-14.11347132,-13.84430518,-13.82506888,-8.947094612,-8.565726033,-8.886145422,-8.695335203,0.219093515,0.030167671,0.648940356,0.038597904,12.15480194,2.758032129,2.036684469,0.322024872,5.881810221,7.895833333,2.258603527,2.080006168,0.329691712,3.905708511,0.46674031
HAI,HEW37,7.50108,621.69,Stagnosol,3.77,66.75,408.75,Beech_unmanaged_mature_timber,pure,3,21.0845,2.682246157,7.0541,1.0741,38.5347,598.2897,30.78,0,183,0.269565431,203.0965251,413.7864109,231.4937201,817.3465128,2972.384635,3771.871103,3834.191006,4083.913744,1859.527619,854.8902748,-14.18347589,-14.03578398,-13.97542193,-14.0563189,-8.764716118,-8.74348197,-8.85928901,-8.775285151,0.221036849,0.029756953,0.663113143,0.043357776,11.71711847,2.654412896,2.007803337,0.317670244,5.173019271,7.384992733,2.136902539,2.051125036,0.353676471,3.572019609,0.358214195
HAI,HEW38,7.724212,604.68,Luvisol,3.67,350.56,432.25,Beech_unmanaged_mature_timber,mixed,6,21.0123,2.587745848,7.7144,1.0643,39.3807,621.7348,29.13,0,183,0.419575241,181.0055329,390.5889343,240.8876965,795.1362792,3044.892239,3814.517267,3931.700495,4116.728283,1864.509494,864.1561084,-14.92422055,-13.80613358,-14.36607339,-13.48501603,-9.283892338,-8.394447761,-9.125932698,-8.401181337,0.222142005,0.029953886,0.658555677,0.03741631,10.94777563,2.5625,2.036684469,0.322650374,5.382253381,7.291666667,2.229166667,2.108887301,0.321720085,3.331018519,0.371734513
HAI,HEW39,8.264,605.08,Luvisol,3.21,59.98,358.97,Beech_unmanaged_mature_timber,mixed,6,23.0447,1.870828693,8.0962,1.0727,36.5916,556.1599,29,0,194,0.568065325,218.2199901,443.4537096,244.8089721,847.2363939,3049.446894,3841.278691,3936.610217,4134.202046,1926.621679,881.8714567,-14.1765279,-14.09854224,-13.81388116,-13.84254868,-8.641910695,-8.899189609,-8.695355799,-8.912955146,0.229780977,0.031845524,0.674396015,0.044226814,12.94721932,2.787308586,2.022243903,0.326040383,6.393832834,8.077892562,2.385871419,2.065565602,0.312633148,3.700471479,0.317578252
HAI,HEW40,7.86789,587.99,Luvisol,2.71,41.03,375.4,Beech_unmanaged_mature_timber,mixed,8,16.369,2.934469477,6.7796,1.0328,40.6698,682.0065,27.89,0,174,1.111802727,179.1574072,419.1097781,220.2588864,827.1742647,3364.952618,4329.957429,4376.506889,4634.518676,1964.366154,858.0907562,-14.45169915,-14.3497681,-13.92546478,-13.85871629,-8.848651051,-8.796535398,-8.847961109,-8.791000913,0.221845188,0.027878812,0.724630149,0.033885812,11.64475288,2.75,1.978922204,0.318638579,5.725728164,6.715277778,2.145833333,2.108887301,0.338113119,3.306712963,0.484935734
HAI,HEW41,8.43971,594.64,Luvisol,3.68,4.25,289.83,Beech_unmanaged_mature_timber,mixed,5,19.0316,1.092906421,7.1641,1.0101,34.1436,558.4776,29.78,0,171,1.025244554,184.3537339,422.1601137,235.4551929,848.1920376,3012.590282,3930.519659,4016.116024,4252.217656,1836.028066,817.1089515,-14.66610397,-13.94887913,-14.38976168,-13.606201,-9.284045795,-8.578587689,-9.407918925,-8.486267018,0.210658811,0.029406115,0.666786227,0.040483308,16.81696429,3.145833333,2.036684469,0.309876251,7.596788194,7.041666667,2.166666667,2.080006168,0.349588854,3.411603009,0.424231219
HAI,HEW42,8.064683,593.86,Stagnosol,3.6,29.09,311.66,Beech_unmanaged_mature_timber,pure,5,20.9206,1.166666667,6.9077,1.0511,36.0992,558.397,32.89,0,187,0.114746899,204.1585186,425.3024911,237.9122319,841.0892927,3208.663904,4157.942996,4235.485638,4518.519046,1979.556082,878.451505,-14.19252196,-14.61405106,-13.83766504,-14.11467545,-8.668856979,-9.223011225,-8.448414414,-9.268984601,0.241317178,0.028251027,0.710386829,0.03677163,8.219020927,2.268005952,2.036684469,0.349835425,4.065056274,7.870820272,2.1875,2.065565602,0.342316037,3.71802662,0.388516912
HAI,HEW43,7.784735,627.94,Stagnosol,3.65,225.27,423.82,Beech_AC_thicket,mixed,8,3.3738,1.615893286,2.496,0.9521,15.6463,435.2689,9.11,0,24,1.26537659,176.914772,475.4961697,233.3467005,1029.073552,3236.869448,4328.430524,4336.924502,4667.950834,1977.837057,952.0600044,-15.06354348,-13.69237609,-14.63239092,-13.12523496,-9.678708531,-8.199847339,-10.04386224,-8.477068074,0.184074216,0.025588231,0.715688179,0.047427416,10.55217552,2.625,2.051125036,0.303677528,5.905815972,6.434490741,2.041666667,2.080006168,0.35640083,3.039713542,0.507285496
HAI,HEW44,6.97341,627.86,Stagnosol,2.9,214.18,448.55,Beech_AC_thicket,mixed,3,4.4066,8.823894328,2.4276,0.9253,12.5643,332.5088,13.89,0,24,0.767555547,200.0185367,490.3942284,405.2731647,1166.181241,2712.472856,3523.702887,3700.22304,3947.69619,2070.16148,1034.001812,-14.59251885,-13.78451866,-14.14887733,-13.44068083,-9.218749323,-8.454641658,-9.213613595,-8.591916317,0.207634805,0.032198865,0.569091038,0.027105885,3.537275004,1.531846888,1.841595668,0.477557818,1.758951755,6.911616762,2.1375,2.080006168,0.346417938,3.372829861,0.433115225
HAI,HEW45,7.735861,606.66,Luvisol,1.29,58.67,485.52,Beech_AC_pole_wood,pure,6,5.4328,1.201850425,4.0036,1.0826,28.4076,667.4151,14.22,1.222,41,0.195692507,265.9366603,482.2766623,247.9359125,876.2280573,3570.327081,4760.451015,4873.04505,5121.933191,2002.855092,917.0391292,-14.89644186,-13.58460284,-14.5290478,-13.33215927,-9.477907664,-8.28207159,-9.554059805,-8.225485084,0.204485789,0.029837283,0.793919148,0.036429241,5.1875,1.708333333,1.834516542,0.450795102,2.284240167,8.843497984,2.333333333,2.080006168,0.325792262,4.326063368,0.82737363
HAI,HEW46,7.651317,607.2,Luvisol,4.96,56.07,465.25,Beech_AC_immature_timber,pure,3,10.3614,1.936491673,4.6987,1.0418,38.7706,693.9098,27.67,0,89,0.14049385,160.2128751,397.015239,205.6745298,726.3962881,3016.52888,3973.4734,4018.260896,4286.457864,1918.288277,809.0523081,-14.32207839,-14.33908635,-13.73369679,-14.14326845,-8.667179685,-8.929981522,-8.545310946,-8.901407536,0.235549482,0.03271422,0.680352537,0.032233401,8.53125,2.197916667,1.908038208,0.369642385,4.395681671,9.589009748,2.541666667,2.080006168,0.304108793,5.048177083,0.299456757
HAI,HEW47,8.16737,575.95,Stagnosol,4.84,37.42,332.9,Beech_AC_mature_timber,pure,7,16.099,1.658312395,5.7467,1.0866,38.8177,636.132,30.67,0,121,0.330655787,170.8344856,417.8869015,266.5291419,904.4648305,3169.707942,4094.941507,4202.866678,4454.911147,1923.459848,878.0820991,-14.3572497,-14.38191851,-13.73958,-14.08129804,-8.914968083,-9.048186791,-8.826422387,-9.100818111,0.217252455,0.025240705,0.679099347,0.032218731,8.0625,2.326388889,1.964481638,0.350895954,4.270833333,6.704679487,2.083333333,2.094446734,0.345638236,3.279513889,1.126491873
HAI,HEW48,7.902313,601.94,Stagnosol,4.93,103.13,319.44,Beech_selection_system,pure,5,22.7197,2.65099562,5.948,1.1138,28.5535,432.6912,32.56,0,179,0.197407316,184.7319911,379.9820158,282.4623024,806.0725791,2122.816947,2662.223246,2659.709437,2850.239402,1633.799778,770.8023468,-13.65245554,-14.42354109,-13.2902634,-14.18301873,-8.202498546,-9.248380201,-8.236737209,-9.154323557,0.234466702,0.034793045,0.455631134,0.034858528,11.82291667,2.703125,2.036684469,0.310803557,5.415173086,10.34166667,2.625,2.137768433,0.288066828,5.434862504,0.46305077
HAI,HEW49,8.1893,606.98,Stagnosol,5.64,46.43,357.5,Beech_selection_system,pure,7,17.2949,1.922093766,5.5002,0.9829,26.889,447.1123,28.22,0,159,0.341596983,183.9433209,413.1892908,227.8496339,850.3769229,2696.806777,3437.490564,3473.214159,3738.630818,1770.914385,810.6631813,-13.88732681,-14.20690438,-13.45283937,-13.83293883,-8.504022037,-8.885208952,-8.368660208,-8.804704166,0.236780735,0.033197922,0.602556092,0.045421976,15.29166667,3.083333333,2.022243903,0.297807819,7.560213468,8.091575092,2.2627858,2.094446734,0.340986048,3.80368512,0.563697684
HAI,HEW50,8.394748,616.46,Stagnosol,5.51,345.2,359.85,Beech_unmanaged_mature_timber,pure,3,13.2078,2.100170061,6.0391,0.9775,30.7648,563.5445,23.13,0,155,0.144352407,223.7405292,458.6924062,260.3244308,919.1527385,3406.770831,4417.194609,4525.859028,4768.686055,2015.297674,929.3718646,-14.77883519,-13.70251458,-14.20349503,-13.35332818,-9.303007261,-8.275345159,-9.282748656,-8.271463493,0.206693482,0.028420834,0.741864127,0.034135444,8.418545082,2.166666667,1.909439379,0.391408232,4.169054365,9.416666667,2.5,2.123327867,0.306416384,4.723714854,0.407857007
SCH,SEW01,8.905033,645.47,Cambisol,0.43,267.74,54.13,Pine_AC_pole_wood,pure,3,4.7463,0.5,3.1076,1.2201,34.6358,745.7221,18.33,98.9565,40,0.082430278,197.1403338,360.7425079,271.2127887,672.2905425,1906.546019,2239.574683,2337.125255,2443.676336,1186.759673,635.6996538,-14.96781842,-14.26972169,-15.51174826,-15.18393548,-10.24278841,-9.823628329,-10.84149394,-10.45140348,0.176116786,0.02757225,0.414274161,0.009402478,0.680598322,0.625,1.317140014,0.697916667,0.354249461,5.345238095,1.895833333,2.007803337,0.376799756,2.577362025,0.235423611
SCH,SEW02,8.282576,625.23,Cambisol,0.72,23.34,74.93,Pine_AC_immature_timber,pure,4,6.6223,1.424000624,4.199,1.1389,42.5353,889.4525,23.44,94.2322,51,0.479707254,171.1921212,321.7236126,218.3925966,527.6697564,1678.712858,2046.510018,2083.071004,2223.986702,1092.597504,518.9966964,-14.82564649,-18.041548,-15.40978167,-18.83843407,-10.31203145,-48.4674063,-10.66354924,-31.57734717,0.181004676,0.021746311,0.382186636,0.012281738,1.665104578,0.979166667,1.574586349,0.591719188,0.729777343,4.704861111,1.729166667,2.022243903,0.396847543,2.374565972,0.175107289
SCH,SEW03,9.193266,577.81,Cambisol,1.62,204.77,66.17,Pine_AC_immature_timber,pure,3,7.6426,1.511857892,3.0484,1.2109,37.5065,663.0655,28.5,97.4967,72,0.271887148,161.4497616,289.4897625,233.1327196,505.1303708,1513.191677,1849.611402,1955.141712,2031.710693,1025.025552,513.3657501,-15.17424336,-14.56321901,-15.88139705,-15.40196849,-10.49008519,-10.14065207,-10.82324028,-10.74387043,0.188942323,0.025853818,0.354189291,0.013460983,3.053080674,1.354166667,1.747873144,0.495465686,1.465465958,7.034722222,2.208333333,2.080006168,0.34201574,3.408173382,0.181943594
SCH,SEW04,9.616477,638.11,Cambisol,0.42,300.08,56.01,Pine/Beech_AC_mature_timber,mixed,6,12.3949,1.154700538,6.0938,1.0939,38.6435,694.2008,28,55.7846,112,0.643110166,202.3694411,476.3569322,233.3149822,966.207063,2851.047063,3388.820166,3445.9161,3617.432889,1657.683615,770.5962426,-14.29821635,-13.57618796,-14.21047143,-13.60248474,-9.055482146,-8.56413574,-9.303764214,-9.039980027,0.208364089,0.026155194,0.597300003,0.0143244,14.68055556,3.020833333,2.036684469,0.301131632,7.294794261,8.276041667,2.333333333,2.094446734,0.3187793,3.726996528,0.45749273
SCH,SEW05,9.242183,536,Cambisol,4.6,107.52,64.13,Beech_AC_mature_timber,pure,3,29.7391,1.054092553,5.0149,1.1401,25.7208,353.4718,33.89,0,189,0.287868205,203.8136929,463.9829075,210.7019133,876.2539222,2549.671538,3134.74281,3269.028063,3451.114658,1661.894154,758.1605209,-14.57954404,-14.13947223,-14.08180905,-13.93483526,-8.598571044,-8.584890642,-8.408206268,-8.620371422,0.251685893,0.029516761,0.586369988,0.015187655,45.20833333,5.291666667,2.051125036,0.224026711,21.14482458,8.432299692,2.354166667,2.108887301,0.333529972,4.419813368,0.710672259
SCH,SEW06,8.698444,660.17,Cambisol,0.61,61.22,54.94,Beech_AC_thicket_with_shelterwood,pure,4,18.7333,3.326659987,5.3944,0.9793,16.842,273.2969,28.8,1.1426,157,0.725622204,184.5034763,589.3954606,225.5467704,1021.062194,3054.042238,3705.595439,3823.826171,4041.94407,1901.724183,888.9071235,-14.48790021,-13.44036713,-14.03816476,-13.19702992,-8.970310936,-8.160790797,-8.660414513,-8.294951303,0.239544705,0.033825825,0.637245812,0.016444849,34.25694444,4.541666667,2.051125036,0.251915791,17.58289931,7.610794104,2.324794239,2.094446734,0.3207104,3.822024804,0.804232126
SCH,SEW07,9.91282,614.39,Cambisol,5.86,148.65,78.51,Beech_unmanaged_mature_timber,pure,3,15.6259,1.685018016,4.0437,1.1727,37.5097,543.6208,33.63,2.1477,169,0.188723964,192.7115249,434.0675641,298.5387224,868.059438,3153.043421,3822.207238,3970.217084,4130.359855,1767.286249,781.2814208,-14.34292162,-15.27284808,-13.92238029,-15.4117935,-8.599878366,-48.38506,-8.875161095,-30.7247497,0.223234252,0.027570135,0.640279395,0.018451902,6.649305556,2.005249506,1.908892976,0.393723503,3.128111672,7.270833333,2.166666667,2.094446734,0.343170069,3.482790122,0.483372899
SCH,SEW08,8.336617,544.29,Albeluvisol,7.14,260.86,97.59,Beech_unmanaged_mature_timber,pure,6,25.9501,1.82878223,6.1867,1.2002,39.7685,555.0722,33.7,0.6192,152,0.458841531,199.2921559,443.9277479,217.7952681,813.6309002,3080.054216,4058.225539,4343.33252,4496.527338,1840.564766,781.8542345,-14.90295577,-13.7587724,-14.30194084,-13.58045086,-9.108167425,-8.157007599,-9.004406521,-7.928668489,0.231071178,0.035137698,0.738588533,0.019052999,7.927083333,2.166666667,1.993362771,0.351684858,4.21042502,7.581233199,2.208333333,2.094446734,0.331401424,3.791232639,0.673731337
SCH,SEW09,7.13836,630.69,Cambisol,1.99,257.49,78.96,Beech_unmanaged_mature_timber,pure,3,16.1291,0.5,4.8588,1.2679,42.9667,667.2973,35.33,0,149,0.20782596,195.8087244,516.4948297,249.4268474,1170.128073,3882.660337,4608.097276,4555.809967,4767.893554,1974.211199,875.7740588,-14.60682202,-14.08038039,-14.31129892,-13.80079488,-9.045506652,-8.720854631,-9.220888594,-8.918674541,0.215176923,0.022625186,0.739776883,0.019643199,10.60336167,2.640625,1.921159939,0.322577674,5.431278935,5.826388889,2,2.108887301,0.347767621,2.814354194,0.465148977
SCH,SEW10,9.58933,636.15,Cambisol,1.6,341.43,64.54,Pine_AC_pole_wood,pure,1,4.368,0.707106781,3.231,1.0224,30.4477,726.4515,15,100,36,0,161.0479768,303.0898639,173.1163387,513.9973078,1615.854377,1897.630587,1950.149044,2069.119924,1060.987503,527.1327267,-15.39120126,-14.48527147,-15.97646242,-15.51347649,-10.82585797,-10.25090212,-11.03499732,-11.04385727,0.181205362,0.026398965,0.37627507,0.020895529,1.794298406,1.020833333,1.603467481,0.567708333,0.781467788,6.310483078,2.0625,2.108887301,0.345010816,2.904079861,0.161680178
SCH,SEW11,,614.98,Cambisol,0.67,83.34,64.92,Pine_AC_pole_wood,pure,2,3.6524,0.875595036,3.9919,1.0367,42.5108,1078.9519,14.1,99.8084,32,0.019290296,148.9843636,302.7664065,194.8420019,564.2805497,1753.25405,2053.528181,2171.191975,2226.030826,979.2042371,500.4759106,-15.10432802,-15.08857871,-15.92407891,-16.11388461,-10.65784675,-10.64560141,-11.17568952,-11.59461626,0.173490753,0.02705916,0.405510892,0.02355383,1.264428873,0.875,1.619488457,0.591421569,0.634982639,5.15625,1.875,2.051125036,0.377790347,2.606072126,0.130642261
SCH,SEW12,8.1136,614.25,Cambisol,0.98,261.92,71.55,Pine_AC_pole_wood,pure,1,5.0674,0.632455532,4.2136,0.978,34.6861,813.6876,16.8,100,41,0,142.8880052,257.7146065,174.3543843,435.0220633,1372.727783,1638.72061,1702.884011,1786.620917,747.4003545,351.6036398,-15.19537956,-17.11278549,-16.17644293,-17.77816885,-10.77896922,-48.48837396,-11.35965354,-31.54940892,0.177063499,0.021635078,0.331529093,0.027141634,2.822916667,1.354166667,1.661229746,0.509299203,1.141749005,5.319426265,1.875,2.051125036,0.368046729,2.593628388,0.168351834
SCH,SEW13,8.443915,585.23,Podzol,4.65,78.92,67.22,Pine_AC_immature_timber,pure,2,5.1837,0,3.8127,1.2274,50.4918,1072.4921,19,99.5837,52,0.036254049,266.7416944,400.7897603,305.7339108,664.1393806,1722.863147,2031.635228,2144.503026,2241.558875,1149.400902,594.8875297,-14.49824582,-14.47328696,-15.3046299,-15.17436763,-9.915568074,-10.02292227,-10.56760609,-10.62070486,0.182050257,0.021136491,0.383936451,0.027260745,0.762152098,0.75462963,1.53126465,0.647627193,0.381953886,5.910900298,1.9375,2.036684469,0.388688377,2.609706232,0.423298889
SCH,SEW14,9.109869,612.59,Cambisol,2.38,203.25,70.44,Pine_AC_immature_timber,pure,1,4.924,0.971825316,2.5557,1.2307,31.0526,620.7041,23.22,100,48,0,269.2725609,349.8883239,269.649836,579.9630043,1544.708478,1853.343368,1960.002661,2059.209785,1090.327472,560.5162524,-15.19980728,-16.37827357,-16.16992537,-16.71460711,-10.66885643,-48.48994347,-11.16061705,-31.50814345,0.183821676,0.020336946,0.365574743,0.02913521,2.950509327,1.354166667,1.76231371,0.474833037,1.289390983,5.060536202,1.791666667,2.036684469,0.395324284,2.329861111,0.150905641
SCH,SEW15,9.040088,657.1,Cambisol,0.01,351.87,65,Pine_AC_immature_timber,pure,1,5.1087,0.5,3.194,1.2402,36.0559,760.0891,22,100,46,0,229.5895958,326.5496489,262.7326241,550.285084,1450.81349,1744.675289,1846.620766,1941.783767,1101.373482,563.8809422,-14.97608904,-15.02377133,-15.63113951,-15.40813458,-10.39185253,-11.92504948,-10.89980608,-21.39722735,0.176078301,0.02590755,0.336073663,0.029178076,1.193968142,0.792277313,1.510057632,0.625160256,0.388423012,4.302083333,1.631023888,1.964481638,0.420873061,2.184291235,0.171320931
SCH,SEW16,8.990736,563.19,Cambisol,0.33,232.36,69.98,Pine_AC_mature_timber,pure,6,9.4149,0.971825316,2.6413,1.2876,30.883,515.7206,31.5,95.0686,94,0.590588855,191.5003183,369.8870618,259.3753802,683.6260815,1698.784839,1986.581394,2134.083587,2244.172372,1462.56851,772.2008746,-14.48813557,-14.2765866,-14.78405291,-15.10633683,-9.493823779,-9.456692313,-9.6389603,-10.08635899,0.21433188,0.0258217,0.384727001,0.029541175,8.645833333,2.379166667,1.993362771,0.337748199,4.297417535,6.337657233,1.979166667,2.065565602,0.369157711,3.075668161,0.328255268
SCH,SEW17,8.32674,644.43,Cambisol,2.64,234.63,64.25,Pine_AC_mature_timber,pure,4,14.4626,1.732050808,4.7451,1.1669,35.6116,605.6794,29.67,94.8238,109,0.856873915,207.1022374,359.4546706,227.4101834,632.9442665,1676.076637,1978.083849,2073.336655,2184.840084,1175.707239,570.3382922,-14.91080953,-13.68642954,-15.3866318,-14.40466023,-10.04395056,-9.004232056,-10.43951096,-9.741357297,0.192562026,0.027904207,0.388223807,0.033684588,3.708333333,1.479166667,1.827155102,0.474608091,1.743200231,6.655142805,2.104166667,2.051125036,0.34620098,3.174218114,0.219415412
SCH,SEW18,9.92702,611.26,Cambisol,0.99,271.63,48.26,Pine_AC_immature_timber,pure,7,8.0933,1.035098339,3.5975,1.2018,36.1388,670.5887,29.25,96.0314,90,0.527969185,302.7991339,494.9481624,371.2757058,772.585193,1891.745971,2182.557789,2269.036396,2389.952907,1422.618986,724.1264761,-14.83513198,-13.96598975,-15.3170916,-14.77441905,-10.10055495,-9.401667375,-10.29077997,-9.79012123,0.196548207,0.022767522,0.383341575,0.034438553,3.432291667,1.479166667,1.819033684,0.455555556,1.802951389,6.697916667,2.125,2.065565602,0.353712276,3.149884259,0.24185343
SCH,SEW19,9.399473,607.51,Cambisol,2.14,52.38,63.83,Pine_AC_immature_timber,pure,4,5.6869,1.38873015,2.0572,1.2216,22.9736,414.2007,25.25,99.6949,107,0.114769145,172.4981286,349.8140546,253.0728905,662.6186336,1763.092244,2026.256029,2240.159947,2271.899465,1459.818413,790.7786043,-15.34408719,-14.88329981,-15.93703734,-15.89651386,-10.5224002,-10.32448386,-11.04481693,-10.912068,0.178192259,0.027836187,0.399195853,0.035426051,3.97779304,1.479166667,1.820075975,0.486833836,1.82373133,5.645833333,1.9375,2.036684469,0.372855392,2.65674992,0.221020869
SCH,SEW20,8.597084,614.98,Regosol,0.76,326.57,65.11,Pine_AC_immature_timber,pure,3,8.7604,1.130388331,2.6301,1.3143,24.93,438.3825,28.56,99.5459,107,0.247687704,163.4404742,342.1648479,216.9969831,645.093926,1628.804582,1884.806444,2001.624225,2078.693638,1160.75452,640.8923799,-15.23092402,-15.2559829,-15.64620782,-15.98730453,-10.41298173,-10.59785613,-10.49694689,-11.05277234,0.191798285,0.025194055,0.369344762,0.035647952,4.0625,1.520833333,1.820075975,0.46380719,1.976616526,5.827226217,1.958333333,2.065565602,0.361716909,2.792679398,0.228357453
SCH,SEW21,9.278416,657.1,Cambisol,0.55,270.61,66.34,Pine_AC_mature_timber,pure,5,10.2445,0.866025404,3.12,1.1642,30.6959,525.3437,32.67,90.728,83,0.835353919,265.0757651,436.0434385,313.6767457,662.6372249,1849.656053,2225.343044,2351.12838,2451.422798,1350.798063,658.5906404,-15.06684795,-15.25055427,-15.28695693,-16.45190217,-10.15296961,-12.36326013,-10.36493038,-31.19937919,0.190874174,0.029639132,0.407893051,0.036000129,9.321345438,2.375,1.907688076,0.361801194,4.228656528,7.479166667,2.208333333,2.108887301,0.329289216,3.394218237,0.583793273
SCH,SEW22,8.59764,525.13,Cambisol,4.85,213.54,57.13,Oak_AC_immature_timber,mixed,2,8.2923,2.420973174,2.0162,1.32,18.0835,298.5796,24.89,0,104,0.540204142,155.5404412,347.3776835,182.4352066,701.5184651,2757.922227,3453.986157,3601.326698,3719.15122,1682.961474,731.1838826,-14.880565,-14.82296787,-14.11826285,-14.85161304,-8.775233654,-8.806912647,-8.33116871,-8.936773063,0.264116233,0.047530253,0.627163461,0.03781086,18.39858129,3.566987179,2.051125036,0.263024239,9.551597023,9.851302363,2.568193998,2.094446734,0.303206021,4.812934028,0.555646725
SCH,SEW23,8.22369,625.23,Cambisol,2.02,110.1,74.36,Oak_AC_mature_timber,mixed,5,16.0255,1.394433378,6.6477,1.0532,32.4417,553.8406,28.22,0,125,1.031484222,161.1606803,369.9422839,160.6263549,702.5359418,2638.812007,3184.160229,3271.747991,3456.643244,1516.236997,611.1124251,-14.08885431,-17.746835,-13.29661894,-16.50559241,-8.728973153,-48.46739068,-8.561464311,-30.5455176,0.216287518,0.033444839,0.595899052,0.038484449,13.75,2.9375,1.993362771,0.329788518,7.307074653,8.925840979,2.520833333,2.152208999,0.298391152,4.442853009,0.550574121
SCH,SEW24,9.108428,601.95,Cambisol,5.18,307.8,65.09,Oak_AC_mature_timber,mixed,3,16.0043,0,6.0705,1.114,30.1524,505.0471,19,0,126,0.994007588,165.0840556,492.2503858,173.1492105,949.0407693,2732.290752,3200.804416,3194.717084,3422.30818,1636.426071,762.4783094,-14.89178846,-14.09283951,-14.13569309,-13.53715299,-9.204050411,-8.500368997,-8.942948713,-8.274702717,0.220223424,0.034407,0.581112126,0.042356362,22.58883954,3.916666667,2.036684469,0.240477558,10.61914063,8.340694188,2.3125,2.137768433,0.319166565,3.674623843,0.441628482
SCH,SEW25,9.46514,612.6,Cambisol,0.64,286.81,72.99,Oak_AC_immature_timber,pure,2,12.1981,1.364225462,4.0487,1.1152,28.8333,524.361,25.11,0,127,0.682709558,277.8962278,487.3652939,312.0959055,856.0762031,2108.103571,2437.284447,2565.692131,2701.3552,1586.909758,774.8144089,-14.87448283,-16.01072569,-14.05914734,-15.83414964,-9.288353635,-48.4840117,-9.031919414,-30.49778956,0.219969186,0.026946425,0.453777482,0.043983805,7.3125,2.005639597,1.909753684,0.388398693,3.590508207,7.075164165,2.104166667,2.051125036,0.366025423,3.401462557,0.87822766
SCH,SEW26,10.08899,657.1,Cambisol,0.53,243.4,67.26,Oak_AC_mature_timber,pure,4,18.2608,1.130388331,4.724,1.1899,30.5011,465.1036,33.56,1.7402,127,0.73030874,319.3394136,435.3111865,297.0373357,737.9596281,2114.619954,2606.681247,2731.006713,2841.330708,1297.725888,544.974643,-15.14229898,-15.93646558,-14.53455671,-15.58706323,-9.595372143,-12.6849549,-9.100273161,-30.70789007,0.227987088,0.034849388,0.508240514,0.044419989,10.76226636,2.511085627,1.957120198,0.350013042,5.122974537,11.4068437,2.75,2.137768433,0.298574573,5.784170536,1.079320687
SCH,SEW27,9.326048,605.44,Cambisol,1.76,236.17,83.28,Oak_AC_mature_timber,mixed,5,18.5067,0,6.6039,1.0636,33.7088,541.0818,19,0,139,0.853373883,256.5723287,485.8039255,215.3173237,726.4203362,2836.957844,3425.797767,3401.604927,3567.817716,1523.668577,685.5523444,-14.76938258,-13.89858324,-14.36262149,-13.70945643,-9.184372698,-8.24412448,-9.180340937,-8.310244214,0.220478656,0.027836411,0.620637211,0.044674548,21.23611111,3.694444444,2.051125036,0.255670877,10.32112942,9.0625,2.479166667,2.108887301,0.314664376,4.58666088,0.43726237
SCH,SEW28,9.277459,629.73,Cambisol,0.96,58.04,62.43,Oak_AC_mature_timber,pure,3,17.1796,0,4.052,1.1857,28.5099,440.025,19,0,115,0.532774858,91.42894543,330.0363424,77.39781517,670.1431801,2414.880905,2730.735821,2793.979984,2975.583645,1391.83797,548.8049837,-14.64896624,-14.37259069,-13.87357645,-13.91390921,-9.192658315,-9.314097268,-8.927217672,-9.28087734,0.216227238,0.024940295,0.539540334,0.045396825,6.45823991,2.011498918,1.993362771,0.36938442,3.196108709,7.3125,2.125,2.080006168,0.353515928,3.546223958,0.416761366
SCH,SEW29,8.83681,585.23,Cambisol,3.94,185.4,64.78,Pine/Beech_AC_mature_timber,mixed,7,12.9759,0,5.5455,0.915,28.3514,517.0818,19,33.2864,132,0.632183238,162.6677132,470.7515285,269.7153396,866.4976511,2718.222304,3380.054118,3428.116168,3637.729114,1578.201282,745.3340927,-14.54806501,-13.84420914,-14.60352863,-13.89323239,-9.026992124,-8.479118904,-9.381725125,-8.409231346,0.216192289,0.035636215,0.575010889,0.046174676,15.14583333,3.125,2.051125036,0.286901597,7.377604167,9.156587382,2.444444444,2.065565602,0.341888766,4.450339403,0.665124088
SCH,SEW30,9.05953,526.07,Cambisol,8.52,1.94,58.15,Pine/Beech_AC_mature_timber,mixed,6,13.8876,1.58113883,4.8391,1.1365,29.3039,507.7618,26.33,38.3596,141,0.828416488,183.9868433,476.3135198,202.9592332,798.6157455,2883.618103,3612.72944,3654.581321,3895.173772,1656.701217,768.1575026,-14.29757549,-13.69981754,-13.98770454,-13.50538321,-8.8075098,-8.35442926,-8.904959631,-8.59340595,0.22151631,0.032544916,0.630441253,0.047059236,33.65625,4.330357143,2.080006168,0.239746836,16.88010169,8.177083333,2.291666667,2.080006168,0.341601657,4.164726781,0.713812773
SCH,SEW31,9.59459,631.66,Cambisol,1.11,305.55,66.61,Pine/Beech_AC_mature_timber,mixed,4,15.0019,1.686548085,5.0521,1.1236,32.075,537.4252,28.2,70.8366,97,0.78996165,204.9970985,436.9455728,294.8158608,756.6978025,2228.617404,2683.739078,2762.793838,2898.555818,1408.092599,712.7649773,-14.55320749,-13.40939112,-14.76167017,-13.62714434,-9.301229164,-8.335337036,-9.442253238,-8.914512133,0.221347441,0.026613404,0.461718796,0.048976596,19.26388889,3.510416667,2.036684469,0.268798507,10.35828993,6.965204774,2.1875,2.094446734,0.323166096,3.40449026,0.569192073
SCH,SEW32,8.49687,526.07,Cambisol,5.04,298.31,62.38,Pine/Beech_AC_mature_timber,mixed,4,10.7587,0.942809042,2.5624,1.2264,17.3251,279.5436,30,74.3857,125,0.949547299,301.6082188,553.4266539,417.2992161,987.8571091,2253.656184,2632.522914,2770.824243,2938.36346,1835.340653,1011.807067,-16.10684871,-14.24788151,-16.17094914,-14.69640748,-10.69723924,-8.982002778,-10.94734075,-9.47782893,0.188773477,0.032404195,0.447704786,0.049195529,17.5,3.302083333,2.036684469,0.264396972,9.162632873,8.337193823,2.333333333,2.094446734,0.340984751,4.10276761,0.886835631
SCH,SEW33,9.03598,644.16,Cambisol,0.49,235.01,45.51,Pine/Beech_AC_mature_timber,mixed,3,13.0483,1.433720878,6.2191,1.0504,36.9999,668.5266,27.5,67.1823,132,0.60663974,205.8459493,419.0848609,262.0506221,883.6336309,2378.034025,2941.708709,3074.891704,3239.526664,1514.390612,753.3471365,-14.49154498,-13.59044297,-14.48048137,-13.89829156,-9.337438028,-8.548084512,-9.483559239,-8.89005928,0.206721707,0.029374389,0.529942939,0.049931183,10.68843813,2.633333333,2.022243903,0.310144626,5.599981717,9.125,2.416666667,2.108887301,0.323043469,4.29976412,0.529360035
SCH,SEW34,9.37204,645.47,Albeluvisol,0.95,12.55,48.97,Pine/Beech_AC_mature_timber,mixed,2,13.3152,1.054092553,4.8786,1.1212,26.7148,479.377,26.11,35.6557,144,0.351776505,201.4829062,535.8465706,237.961616,1145.333578,3355.843892,4009.36319,4069.472332,4264.129223,1885.894722,868.289279,-14.60817378,-13.47428604,-14.10685763,-13.45418121,-9.015772826,-8.065684805,-9.036047584,-8.165420815,0.21550421,0.02891597,0.689224399,0.051266064,10.38691143,2.614583333,1.993362771,0.318087267,5.180681361,8.444444444,2.354166667,2.108887301,0.310757817,3.886990293,0.458784387
SCH,SEW35,9.208435,639.67,Cambisol,1.23,259.57,64.51,Beech_AC_mature_timber,pure,3,18.7981,0,5.2168,1.1167,24.2006,381.0437,19,4.9637,147,0.205851521,260.8431249,554.7664373,243.9631154,987.5788112,2948.932649,3493.252391,3617.3056,3732.403879,1960.574825,887.9859295,-14.53483849,-13.67162042,-13.82428607,-13.45219376,-8.917801061,-8.244806365,-8.747641697,-7.962790351,0.223977402,0.025368734,0.647504095,0.052087681,28.35520362,4.090232684,2.080006168,0.251044916,13.13435145,7.181091677,2.208333333,2.065565602,0.329135971,3.291232639,0.639904582
SCH,SEW36,8.796353,661.71,Cambisol,1.37,50.03,101.93,Beech_AC_immature_timber,pure,4,11.2404,1.424000624,3.57,1.2507,29.0518,494.9468,26.56,0.9252,95,0.07081492,130.8783809,421.4161526,149.1878855,879.9454541,3690.897765,4370.843741,4295.257592,4490.739632,1680.788317,746.7580431,-14.65340076,-15.49308909,-14.07984252,-15.43479252,-9.061683874,-48.48226507,-8.797778064,-30.63340163,0.230704252,0.025748469,0.735456681,0.052265928,8.907348411,2.269045686,1.950041072,0.337348319,4.381568808,7.4375,2.208333333,2.065565602,0.334584083,3.461154514,0.728210213
SCH,SEW37,9.50643,646.42,Cambisol,1.9,36.94,61.8,Beech_AC_mature_timber,mixed,5,16.6426,1.322875656,4.2752,1.1892,31.7782,495.0925,30.67,3.3737,135,0.58085104,168.3368618,431.070664,232.9712039,853.7582647,2727.688453,3236.13259,3308.664962,3488.273634,1770.685469,795.3679786,-14.9615403,-20.83220273,-14.5568597,-21.93157678,-9.251464228,-48.46687841,-9.142439523,-30.57675505,0.228625363,0.031822379,0.574020956,0.053686087,25.84375,3.890488338,2.036684469,0.272040765,12.60874449,9.118243243,2.512141013,2.123327867,0.314006614,4.548001206,0.7899709
SCH,SEW38,,629.73,Cambisol,1.4,17.89,66.72,Beech_AC_mature_timber,mixed,2,16.8158,1.333333333,3.8619,1.1537,24.3744,365.8682,33.56,0,140,0.691976068,128.7610111,432.5744575,127.4687195,840.1318129,2957.454684,3547.609874,3663.760904,3798.853973,1596.041525,699.8169166,-14.58399423,-14.54825845,-13.79426767,-14.21989226,-8.985771831,-9.143494325,-8.956107237,-9.428180781,0.213304798,0.026530766,0.661284626,0.054479058,22.38617701,3.895996094,2.036684469,0.244205556,10.42253871,6.529312016,2.0625,2.065565602,0.342502357,3.224392361,0.541701927
SCH,SEW39,7.92878,639.32,Cambisol,1.76,301.48,73.8,Beech_AC_thicket_with_shelterwood,pure,3,22.6102,2,4.2628,1.2525,18.7737,282.5479,28.67,0,112,0.902398836,191.7812337,456.8496323,241.6776038,745.8419929,3139.777295,3719.157556,3844.956892,4078.301139,1798.445718,867.9680664,-14.34096178,-13.3316807,-14.06649662,-12.75059779,-8.885288647,-7.791751068,-8.926452441,-7.531701397,0.226341015,0.032427686,0.644781145,0.055104513,22.29276896,3.8125,2.036684469,0.283995365,11.34570313,11,2.701535667,2.137768433,0.291780298,5.210763889,1.316490356
SCH,SEW40,8.81481,643.7,Cambisol,1.97,250.26,68.19,Beech_AC_thicket_with_shelterwood,pure,7,25.6146,1.603567451,5.6393,1.1115,20.2617,298.8846,31,3.6976,147,0.961146303,235.3503264,496.1687953,254.1870115,905.0252812,2782.019324,3304.506016,3433.596335,3631.397207,1796.684045,837.0077797,-14.76344482,-13.5487167,-14.26935,-13.44972678,-9.274239894,-8.234521283,-8.965997327,-8.446674426,0.227175805,0.03197432,0.606663705,0.055473778,34.16666667,4.578239853,2.080006168,0.247511431,15.90984322,10.56893444,2.625,2.108887301,0.300592567,4.838975694,0.681547292
SCH,SEW41,8.525365,623.43,Cambisol,0.5,302.26,49.77,Beech_AC_thicket_with_shelterwood,pure,6,19.6947,2.242270675,4.9174,1.1021,22.1942,359.5777,29.56,2.1245,137,0.917891171,177.4527037,484.9002326,186.0382881,985.2385587,2536.485247,3126.117689,3353.002469,3389.762972,1689.080801,798.6077905,-14.18802791,-13.75592969,-13.67459839,-13.49713584,-8.677589882,-8.338787517,-8.498524101,-8.169352921,0.23382756,0.029188637,0.602100444,0.055797925,33.20833333,4.645833333,2.080006168,0.227842295,16.86591026,9.147644928,2.5,2.137768433,0.291983045,4.195746528,0.687076787
SCH,SEW42,9.43248,632.42,Regosol,4.79,18.34,70.38,Beech_AC_thicket_with_shelterwood,pure,2,19.3431,2.223610677,5.9221,0.9489,19.8055,319.0121,33.78,0,142,0.04921272,241.5530023,495.5848985,259.4871704,936.3942089,3025.382767,3751.877277,3817.179449,4052.694508,1895.978135,878.0079563,-13.52818389,-13.2336215,-13.03423582,-12.65039777,-7.876188361,-7.960839962,-7.827127889,-8.007528004,0.24985815,0.046864518,0.64941327,0.058601264,37.66005908,4.854166667,2.051125036,0.234791201,17.17013889,12.125,2.895833333,2.152208999,0.274408028,6.094618056,1.069176803
SCH,SEW43,9.1414,631.88,Cambisol,2.32,261.4,71.66,Beech_AC_thicket_with_shelterwood,pure,6,23.6411,2.872281323,6.5385,1.0346,21.7252,326.107,33.67,0,147,1.093458434,195.6970268,463.2462954,197.7108614,886.5022524,2828.658985,3449.968525,3497.001126,3719.523674,1758.259893,798.6666074,-14.65932867,-13.00040644,-14.19174173,-12.86397418,-9.247646112,-7.727400101,-8.880206685,-8.158106922,0.232919775,0.02572209,0.625874857,0.05949875,31.36366257,4.521518121,2.051125036,0.241563217,15.07907622,6.947916667,2.104166667,2.051125036,0.360000594,3.471114953,0.877793708
SCH,SEW44,7.843873,640.78,Cambisol,0.7,250.3,62.24,Beech_AC_thicket_with_shelterwood,mixed,7,23.0246,2.068278941,5.9799,0.9441,21.5525,329.5401,28.44,5.7129,167,1.077359089,213.0981491,511.1094021,273.6905051,969.2913068,2734.957343,3216.816549,3398.232294,3548.275676,1926.024195,893.4460781,-14.58291268,-13.97391935,-14.06793225,-13.68868374,-8.988534047,-8.38418482,-8.552725405,-8.421211796,0.241602754,0.032573157,0.569784497,0.059679626,37.20833333,4.90530303,2.080006168,0.216347885,18.43706597,9.270833333,2.5,2.123327867,0.296067715,4.641710069,0.784964942
SCH,SEW45,7.77303,602.64,Albeluvisol,0.86,326.82,75.15,Beech_unmanaged_mature_timber,pure,4,15.4724,1.164964745,3.9871,1.1753,38.8865,574.7488,34.25,0,109,0.159881271,241.4769551,674.6965971,191.0749639,1242.373141,3855.924634,4828.714593,4753.496701,4987.101402,1884.704188,829.5764656,-14.56533098,-14.35417262,-14.25415136,-14.38886608,-8.899519516,-8.793492208,-8.886696283,-9.00256355,0.233079747,0.02761034,0.81538032,0.059747645,8.435651235,2.270833333,2.036684469,0.345704415,3.741123345,8.833333333,2.479166667,2.123327867,0.301839017,3.923611111,0.538620233
SCH,SEW46,8.966708,563.21,Albeluvisol,1.07,238.06,80.04,Beech_unmanaged_mature_timber,pure,3,12.2321,0.440958552,2.4802,1.3909,35.5651,482.0592,37.22,0,167,0.227039618,267.4283586,544.6089989,240.8500733,902.4090415,3586.623942,4225.106635,4213.937864,4454.17,1796.702677,831.6775666,-14.87546223,-22.55840779,-14.68620599,-21.09234559,-9.394021958,-16.98131131,-9.439009199,-14.86594503,0.214377872,0.024686898,0.726672339,0.061071812,11.85176282,2.729166667,2.022243903,0.306227421,5.621160319,6.29006018,2.0625,2.080006168,0.350327648,2.965612936,0.475293907
SCH,SEW47,8.02426,563.21,Cambisol,2.32,124.46,76.02,Beech_unmanaged_mature_timber,pure,4,20.3306,1.452966315,3.7593,1.1565,34.8174,502.434,33.11,0.3431,147,0.256141144,250.1867537,569.8664491,233.1506231,911.0668937,3253.161878,3808.87813,3831.040529,4053.56648,1770.336786,825.8604668,-14.44065057,-48.44852755,-13.9929358,-33.48072566,-8.881892017,-48.44851994,-8.624413114,-30.6714196,0.238797334,0.02951986,0.678522722,0.069027983,25.49827189,3.908333333,2.036684469,0.261630513,12.45568094,7.594711336,2.266653605,2.123327867,0.325957768,3.839409722,0.62262531
SCH,SEW48,8.828378,588.65,Cambisol,3.29,262.87,74.56,Beech_unmanaged_mature_timber,mixed,4,21.1593,1.959409532,7.0187,0.9669,31.6026,497.183,30.88,0,182,1.17994052,232.6791398,562.1810108,217.3421632,1049.833389,3032.727548,3565.774773,3593.150246,3790.07549,1677.894089,759.3694344,-14.76844519,-13.58667361,-13.92364086,-13.02810474,-8.979067122,-8.024094359,-8.74844114,-8.074289116,0.227922286,0.026474002,0.637466818,0.070095134,21.14583333,3.680555556,2.051125036,0.256115759,10.31828704,8.1015625,2.318670151,2.065565602,0.30994245,3.623046875,0.56892646
SCH,SEW49,9.655843,642.5,Cambisol,3.56,325.21,65.48,Beech_AC_mature_timber,pure,2,18.32,1,4.7785,1.1568,23.0817,260.339,29,0,107,0.15841057,208.5035179,548.6291427,214.2119015,1111.690759,3104.645512,3708.727454,3778.655248,3929.05991,2020.835288,861.1426338,-14.35794137,-13.66453953,-13.81091555,-13.69448284,-8.823086423,-8.30997765,-8.779686047,-8.147864807,0.222245423,0.025510319,0.658625137,0.070243935,19.26450512,3.506944444,2.051125036,0.27866456,9.538194444,6.387872629,2.0625,2.080006168,0.345818429,2.913628472,0.619361502
SCH,SEW50,9.306875,644.74,Cambisol,2.97,182.57,77.78,Beech_AC_mature_timber,pure,2,18.6695,1.96497102,3.9531,1.145,29.2414,428.1942,36.89,0,149,0.131197811,124.9137092,401.2997495,160.7327158,816.8663579,3056.331601,3630.160909,3647.807972,3845.182742,1689.813052,729.8649166,-14.46078266,-48.38661247,-13.80706551,-33.48788297,-8.90307902,-48.20560057,-8.811547176,-30.25804867,0.2229523,0.031046318,0.645188317,0.071065486,19.82820536,3.576388889,2.036684469,0.283251231,10.28515625,7.513888889,2.25,2.123327867,0.327063411,3.845920139,0.589045931